input,instruction,output
"1.1. Latar Belakang
Dalam kerangka penahapan pembangunan jangka panjang 2005–2025 sebagaimana tertuang dalam Undang-Undang Nomor 17 Tahun 2007 tentang Rencana Pembangunan Jangka Panjang Nasional (RPJPN) 2005–2025, maka Rencana Pembangunan Jangka Menengah Nasional (RPJMN) 2020–2024 merupakan RPJMN ke-4 atau tahap terakhir dari periode jangka panjang tersebut (Gambar 1.1).
Memperhatikan posisinya sebagai RPJMN terakhir atau penghujung periode jangka panjang tersebut, maka peran dari RPJMN 2020–2024 sangat penting untuk mendorong tercapainya visi pembangunan jangka panjang yaitu “Mewujudkan bangsa yang maju, mandiri, dan adil sebagai landasan bagi tahap pembangunan berikutnya menuju masyarakat adil dan makmur dalam Negara Kesatuan Republik Indonesia (NKRI) berdasarkan Pancasila dan Undang-Undang Dasar Negara Republik Indonesia Tahun 1945”. Adapun penekanan pelaksanaan dari RPJMN 2020–2024 adalah percepatan pembangunan di berbagai bidang dengan menekankan terbangunnya struktur perekonomian yang kokoh berlandaskan keunggulan kompetitif di berbagai wilayah yang didukung oleh sumber daya manusia berkualitas dan berdaya saing.
BAB 1 PENDAHULUAN
Evaluasi Kinerja Pembangunan Paruh Waktu Pelaksanaan RPJMN Tahun 2020–2024
Secara substansial, RPJMN 2020–2024 sebagai penjabaran dari visi, misi, dan program Presiden memuat strategi pembangunan nasional, kebijakan umum, program kementerian/lembaga (K/L) dan lintas K/L, kewilayahan dan lintas kewilayahan, serta kerangka ekonomi makro yang mencakup gambaran perekonomian secara menyeluruh termasuk arah kebijakan fiskal dalam rencana kerja yang berupa kerangka regulasi dan kerangka pendanaan yang bersifat indikatif. Substansi tersebut di atas diterjemahkan ke dalam tujuh Agenda Pembangunan (AP) RPJMN 2020–2024, yaitu (1) Memperkuat Ketahanan Ekonomi untuk Pertumbuhan yang Berkualitas dan Berkeadilan; (2) Mengembangkan Wilayah untuk Mengurangi Kesenjangan dan Menjamin Pemerataan; (3) Meningkatkan Sumber Daya Manusia yang Berkualitas dan Berdaya Saing; (4) Revolusi Mental dan Pembangunan Kebudayaan; (5) Memperkuat Infrastruktur untuk Mendukung Pengembangan Ekonomi dan Pelayanan Dasar; (6) Membangun Lingkungan Hidup, Meningkatkan Ketahanan Bencana, dan Perubahan Iklim; dan (7) Memperkuat Stabilitas Polhukhankam dan Transformasi Pelayanan Publik.
Berdasarkan Peraturan Presiden Nomor 18 Tahun 2021 tentang RPJMN 2020–2024, pada tahun ketiga periode pelaksanaan yaitu tahun 2022 dilakukan Evaluasi Paruh Waktu RPJMN yang hasilnya digunakan sebagai bahan masukan dalam penyusunan RPJMN periode berikutnya maupun Rencana Kerja Pemerintah (RKP) pada sisa periode 2020–2024. Evaluasi Paruh Waktu RPJMN 2020–2024 memuat hasil Evaluasi Kinerja Agenda Pembangunan terhadap 505 indikator yang meliputi indikator makro pembangunan dan indikator Agenda Pembangunan. Namun demikian, highlight narasi capaian kinerja dilakukan lebih mendalam atas 138 indikator terpilih.
Sesuai dengan Peraturan Presiden Nomor 39 Tahun 2006 tentang Tata Cara Pengendalian dan Evaluasi Pelaksanaan Rencana Pembangunan, penyusunan Evaluasi Paruh Waktu Pelaksanaan RPJMN 2020– 2024 melibatkan peran dan kontribusi K/L selaku pengampu/pelaksana, utamanya berdasarkan hasil Evaluasi Rencana Strategis (Renstra) K/L yang dituangkan dalam Matriks dan Narasi Self Assessment K/L. Dengan demikian, hasil evaluasi ini dapat memberikan gambaran perkembangan kinerja pembangunan selama tiga tahun pelaksanaan RPJMN 2020–2024, sehingga dapat segera ditindaklanjuti untuk meningkatkan ketercapaian target akhir RPJMN 2020–2024.",Bagaimana posisi dan peran RPJMN 2020-2024 terhadap RPJPN 2005-2025?,"Dalam kerangka penahapan pembangunan jangka panjang 2005–2025 sebagaimana tertuang dalam Undang-Undang Nomor 17 Tahun 2007 tentang Rencana Pembangunan Jangka Panjang Nasional (RPJPN) 2005–2025, maka Rencana Pembangunan Jangka Menengah Nasional (RPJMN) 2020–2024 merupakan RPJMN ke-4 atau tahap terakhir dari periode jangka panjang tersebut.
Peran dari RPJMN 2020–2024 sangat penting untuk mendorong tercapainya visi pembangunan jangka panjang yaitu “Mewujudkan bangsa yang maju, mandiri, dan adil sebagai landasan bagi tahap pembangunan berikutnya menuju masyarakat adil dan makmur dalam Negara Kesatuan Republik Indonesia (NKRI) berdasarkan Pancasila dan Undang-Undang Dasar Negara Republik Indonesia Tahun 1945"
"1.1. Latar Belakang
Dalam kerangka penahapan pembangunan jangka panjang 2005–2025 sebagaimana tertuang dalam Undang-Undang Nomor 17 Tahun 2007 tentang Rencana Pembangunan Jangka Panjang Nasional (RPJPN) 2005–2025, maka Rencana Pembangunan Jangka Menengah Nasional (RPJMN) 2020–2024 merupakan RPJMN ke-4 atau tahap terakhir dari periode jangka panjang tersebut (Gambar 1.1).
Memperhatikan posisinya sebagai RPJMN terakhir atau penghujung periode jangka panjang tersebut, maka peran dari RPJMN 2020–2024 sangat penting untuk mendorong tercapainya visi pembangunan jangka panjang yaitu “Mewujudkan bangsa yang maju, mandiri, dan adil sebagai landasan bagi tahap pembangunan berikutnya menuju masyarakat adil dan makmur dalam Negara Kesatuan Republik Indonesia (NKRI) berdasarkan Pancasila dan Undang-Undang Dasar Negara Republik Indonesia Tahun 1945”. Adapun penekanan pelaksanaan dari RPJMN 2020–2024 adalah percepatan pembangunan di berbagai bidang dengan menekankan terbangunnya struktur perekonomian yang kokoh berlandaskan keunggulan kompetitif di berbagai wilayah yang didukung oleh sumber daya manusia berkualitas dan berdaya saing.
BAB 1 PENDAHULUAN
Evaluasi Kinerja Pembangunan Paruh Waktu Pelaksanaan RPJMN Tahun 2020–2024
Secara substansial, RPJMN 2020–2024 sebagai penjabaran dari visi, misi, dan program Presiden memuat strategi pembangunan nasional, kebijakan umum, program kementerian/lembaga (K/L) dan lintas K/L, kewilayahan dan lintas kewilayahan, serta kerangka ekonomi makro yang mencakup gambaran perekonomian secara menyeluruh termasuk arah kebijakan fiskal dalam rencana kerja yang berupa kerangka regulasi dan kerangka pendanaan yang bersifat indikatif. Substansi tersebut di atas diterjemahkan ke dalam tujuh Agenda Pembangunan (AP) RPJMN 2020–2024, yaitu (1) Memperkuat Ketahanan Ekonomi untuk Pertumbuhan yang Berkualitas dan Berkeadilan; (2) Mengembangkan Wilayah untuk Mengurangi Kesenjangan dan Menjamin Pemerataan; (3) Meningkatkan Sumber Daya Manusia yang Berkualitas dan Berdaya Saing; (4) Revolusi Mental dan Pembangunan Kebudayaan; (5) Memperkuat Infrastruktur untuk Mendukung Pengembangan Ekonomi dan Pelayanan Dasar; (6) Membangun Lingkungan Hidup, Meningkatkan Ketahanan Bencana, dan Perubahan Iklim; dan (7) Memperkuat Stabilitas Polhukhankam dan Transformasi Pelayanan Publik.
Berdasarkan Peraturan Presiden Nomor 18 Tahun 2021 tentang RPJMN 2020–2024, pada tahun ketiga periode pelaksanaan yaitu tahun 2022 dilakukan Evaluasi Paruh Waktu RPJMN yang hasilnya digunakan sebagai bahan masukan dalam penyusunan RPJMN periode berikutnya maupun Rencana Kerja Pemerintah (RKP) pada sisa periode 2020–2024. Evaluasi Paruh Waktu RPJMN 2020–2024 memuat hasil Evaluasi Kinerja Agenda Pembangunan terhadap 505 indikator yang meliputi indikator makro pembangunan dan indikator Agenda Pembangunan. Namun demikian, highlight narasi capaian kinerja dilakukan lebih mendalam atas 138 indikator terpilih.
Sesuai dengan Peraturan Presiden Nomor 39 Tahun 2006 tentang Tata Cara Pengendalian dan Evaluasi Pelaksanaan Rencana Pembangunan, penyusunan Evaluasi Paruh Waktu Pelaksanaan RPJMN 2020– 2024 melibatkan peran dan kontribusi K/L selaku pengampu/pelaksana, utamanya berdasarkan hasil Evaluasi Rencana Strategis (Renstra) K/L yang dituangkan dalam Matriks dan Narasi Self Assessment K/L. Dengan demikian, hasil evaluasi ini dapat memberikan gambaran perkembangan kinerja pembangunan selama tiga tahun pelaksanaan RPJMN 2020–2024, sehingga dapat segera ditindaklanjuti untuk meningkatkan ketercapaian target akhir RPJMN 2020–2024.",Bagaimana penekanan pelaksanaan RPJMN 2020-2024?,Adapun penekanan pelaksanaan dari RPJMN 2020–2024 adalah percepatan pembangunan di berbagai bidang dengan menekankan terbangunnya struktur perekonomian yang kokoh berlandaskan keunggulan kompetitif di berbagai wilayah yang didukung oleh sumber daya manusia berkualitas dan berdaya saing.
"1.1. Latar Belakang
Dalam kerangka penahapan pembangunan jangka panjang 2005–2025 sebagaimana tertuang dalam Undang-Undang Nomor 17 Tahun 2007 tentang Rencana Pembangunan Jangka Panjang Nasional (RPJPN) 2005–2025, maka Rencana Pembangunan Jangka Menengah Nasional (RPJMN) 2020–2024 merupakan RPJMN ke-4 atau tahap terakhir dari periode jangka panjang tersebut (Gambar 1.1).
Memperhatikan posisinya sebagai RPJMN terakhir atau penghujung periode jangka panjang tersebut, maka peran dari RPJMN 2020–2024 sangat penting untuk mendorong tercapainya visi pembangunan jangka panjang yaitu “Mewujudkan bangsa yang maju, mandiri, dan adil sebagai landasan bagi tahap pembangunan berikutnya menuju masyarakat adil dan makmur dalam Negara Kesatuan Republik Indonesia (NKRI) berdasarkan Pancasila dan Undang-Undang Dasar Negara Republik Indonesia Tahun 1945”. Adapun penekanan pelaksanaan dari RPJMN 2020–2024 adalah percepatan pembangunan di berbagai bidang dengan menekankan terbangunnya struktur perekonomian yang kokoh berlandaskan keunggulan kompetitif di berbagai wilayah yang didukung oleh sumber daya manusia berkualitas dan berdaya saing.
BAB 1 PENDAHULUAN
Evaluasi Kinerja Pembangunan Paruh Waktu Pelaksanaan RPJMN Tahun 2020–2024
Secara substansial, RPJMN 2020–2024 sebagai penjabaran dari visi, misi, dan program Presiden memuat strategi pembangunan nasional, kebijakan umum, program kementerian/lembaga (K/L) dan lintas K/L, kewilayahan dan lintas kewilayahan, serta kerangka ekonomi makro yang mencakup gambaran perekonomian secara menyeluruh termasuk arah kebijakan fiskal dalam rencana kerja yang berupa kerangka regulasi dan kerangka pendanaan yang bersifat indikatif. Substansi tersebut di atas diterjemahkan ke dalam tujuh Agenda Pembangunan (AP) RPJMN 2020–2024, yaitu (1) Memperkuat Ketahanan Ekonomi untuk Pertumbuhan yang Berkualitas dan Berkeadilan; (2) Mengembangkan Wilayah untuk Mengurangi Kesenjangan dan Menjamin Pemerataan; (3) Meningkatkan Sumber Daya Manusia yang Berkualitas dan Berdaya Saing; (4) Revolusi Mental dan Pembangunan Kebudayaan; (5) Memperkuat Infrastruktur untuk Mendukung Pengembangan Ekonomi dan Pelayanan Dasar; (6) Membangun Lingkungan Hidup, Meningkatkan Ketahanan Bencana, dan Perubahan Iklim; dan (7) Memperkuat Stabilitas Polhukhankam dan Transformasi Pelayanan Publik.
Berdasarkan Peraturan Presiden Nomor 18 Tahun 2021 tentang RPJMN 2020–2024, pada tahun ketiga periode pelaksanaan yaitu tahun 2022 dilakukan Evaluasi Paruh Waktu RPJMN yang hasilnya digunakan sebagai bahan masukan dalam penyusunan RPJMN periode berikutnya maupun Rencana Kerja Pemerintah (RKP) pada sisa periode 2020–2024. Evaluasi Paruh Waktu RPJMN 2020–2024 memuat hasil Evaluasi Kinerja Agenda Pembangunan terhadap 505 indikator yang meliputi indikator makro pembangunan dan indikator Agenda Pembangunan. Namun demikian, highlight narasi capaian kinerja dilakukan lebih mendalam atas 138 indikator terpilih.
Sesuai dengan Peraturan Presiden Nomor 39 Tahun 2006 tentang Tata Cara Pengendalian dan Evaluasi Pelaksanaan Rencana Pembangunan, penyusunan Evaluasi Paruh Waktu Pelaksanaan RPJMN 2020– 2024 melibatkan peran dan kontribusi K/L selaku pengampu/pelaksana, utamanya berdasarkan hasil Evaluasi Rencana Strategis (Renstra) K/L yang dituangkan dalam Matriks dan Narasi Self Assessment K/L. Dengan demikian, hasil evaluasi ini dapat memberikan gambaran perkembangan kinerja pembangunan selama tiga tahun pelaksanaan RPJMN 2020–2024, sehingga dapat segera ditindaklanjuti untuk meningkatkan ketercapaian target akhir RPJMN 2020–2024.",Apa saja agenda Pembangunan dalam RPJMN 2020-2024?,"RPJMN 2020–2024 mencakup strategi pembangunan nasional, kebijakan umum, dan program lintas kementerian/lembaga, serta kerangka ekonomi makro. Tujuh Agenda Pembangunan utama dalam RPJMN ini meliputi:
1. Memperkuat ketahanan ekonomi.
2. Mengembangkan wilayah untuk mengurangi kesenjangan.
3. Meningkatkan kualitas dan daya saing sumber daya manusia.
4. Revolusi mental dan pembangunan kebudayaan.
5. Memperkuat infrastruktur.
6. Membangun lingkungan hidup dan meningkatkan ketahanan bencana.
7. Memperkuat stabilitas politik, hukum, dan transformasi pelayanan publik."
"1.1. Latar Belakang
Dalam kerangka penahapan pembangunan jangka panjang 2005–2025 sebagaimana tertuang dalam Undang-Undang Nomor 17 Tahun 2007 tentang Rencana Pembangunan Jangka Panjang Nasional (RPJPN) 2005–2025, maka Rencana Pembangunan Jangka Menengah Nasional (RPJMN) 2020–2024 merupakan RPJMN ke-4 atau tahap terakhir dari periode jangka panjang tersebut (Gambar 1.1).
Memperhatikan posisinya sebagai RPJMN terakhir atau penghujung periode jangka panjang tersebut, maka peran dari RPJMN 2020–2024 sangat penting untuk mendorong tercapainya visi pembangunan jangka panjang yaitu “Mewujudkan bangsa yang maju, mandiri, dan adil sebagai landasan bagi tahap pembangunan berikutnya menuju masyarakat adil dan makmur dalam Negara Kesatuan Republik Indonesia (NKRI) berdasarkan Pancasila dan Undang-Undang Dasar Negara Republik Indonesia Tahun 1945”. Adapun penekanan pelaksanaan dari RPJMN 2020–2024 adalah percepatan pembangunan di berbagai bidang dengan menekankan terbangunnya struktur perekonomian yang kokoh berlandaskan keunggulan kompetitif di berbagai wilayah yang didukung oleh sumber daya manusia berkualitas dan berdaya saing.
BAB 1 PENDAHULUAN
Evaluasi Kinerja Pembangunan Paruh Waktu Pelaksanaan RPJMN Tahun 2020–2024
Secara substansial, RPJMN 2020–2024 sebagai penjabaran dari visi, misi, dan program Presiden memuat strategi pembangunan nasional, kebijakan umum, program kementerian/lembaga (K/L) dan lintas K/L, kewilayahan dan lintas kewilayahan, serta kerangka ekonomi makro yang mencakup gambaran perekonomian secara menyeluruh termasuk arah kebijakan fiskal dalam rencana kerja yang berupa kerangka regulasi dan kerangka pendanaan yang bersifat indikatif. Substansi tersebut di atas diterjemahkan ke dalam tujuh Agenda Pembangunan (AP) RPJMN 2020–2024, yaitu (1) Memperkuat Ketahanan Ekonomi untuk Pertumbuhan yang Berkualitas dan Berkeadilan; (2) Mengembangkan Wilayah untuk Mengurangi Kesenjangan dan Menjamin Pemerataan; (3) Meningkatkan Sumber Daya Manusia yang Berkualitas dan Berdaya Saing; (4) Revolusi Mental dan Pembangunan Kebudayaan; (5) Memperkuat Infrastruktur untuk Mendukung Pengembangan Ekonomi dan Pelayanan Dasar; (6) Membangun Lingkungan Hidup, Meningkatkan Ketahanan Bencana, dan Perubahan Iklim; dan (7) Memperkuat Stabilitas Polhukhankam dan Transformasi Pelayanan Publik.
Berdasarkan Peraturan Presiden Nomor 18 Tahun 2021 tentang RPJMN 2020–2024, pada tahun ketiga periode pelaksanaan yaitu tahun 2022 dilakukan Evaluasi Paruh Waktu RPJMN yang hasilnya digunakan sebagai bahan masukan dalam penyusunan RPJMN periode berikutnya maupun Rencana Kerja Pemerintah (RKP) pada sisa periode 2020–2024. Evaluasi Paruh Waktu RPJMN 2020–2024 memuat hasil Evaluasi Kinerja Agenda Pembangunan terhadap 505 indikator yang meliputi indikator makro pembangunan dan indikator Agenda Pembangunan. Namun demikian, highlight narasi capaian kinerja dilakukan lebih mendalam atas 138 indikator terpilih.
Sesuai dengan Peraturan Presiden Nomor 39 Tahun 2006 tentang Tata Cara Pengendalian dan Evaluasi Pelaksanaan Rencana Pembangunan, penyusunan Evaluasi Paruh Waktu Pelaksanaan RPJMN 2020– 2024 melibatkan peran dan kontribusi K/L selaku pengampu/pelaksana, utamanya berdasarkan hasil Evaluasi Rencana Strategis (Renstra) K/L yang dituangkan dalam Matriks dan Narasi Self Assessment K/L. Dengan demikian, hasil evaluasi ini dapat memberikan gambaran perkembangan kinerja pembangunan selama tiga tahun pelaksanaan RPJMN 2020–2024, sehingga dapat segera ditindaklanjuti untuk meningkatkan ketercapaian target akhir RPJMN 2020–2024.",Bagaimana fokus dan tujuan evaluasi paruh waktu RPJMN 2020-2024?,"Pada tahun 2022, dilakukan Evaluasi Paruh Waktu untuk mengukur kinerja terhadap 505 indikator pembangunan, dengan penekanan pada 138 indikator terpilih. Evaluasi ini melibatkan kontribusi dari kementerian/lembaga berdasarkan hasil Evaluasi Rencana Strategis masing-masing. Tujuan evaluasi ini adalah untuk memberikan gambaran kinerja pembangunan dan meningkatkan pencapaian target RPJMN 2020–2024."
"Jenis dan Sumber Data
Sumber data utama Evaluasi Paruh Waktu Pelaksanaan RPJMN 2020?2024 adalah hasil Evaluasi Renstra K/L yang dituangkan dalam Matriks dan Narasi Self Assessment K/L. Capaian pelaksanaan pembangunan hingga paruh waktu RPJMN 2020?2024 dianalisis berdasarkan data dan informasi K/L yang kemudian diverifikasi oleh penanggung jawab (PJ) di Kementerian PPN/Bappenas. Pengumpulan data dilakukan sejak tahun 2022 dan difinalisasi pada tahun 2023 berdasarkan Hasil Rapat Kerja dengan Komisi XI DPR RI pada bulan April 2023.
Berkaitan dengan kinerja makro pembangunan dan 7 Agenda Pembangunan, pada laporan ini highlight narasi pencapaian difokuskan pada 138 indikator terpilih untuk mewakili gambaran pencapaian pelaksanaan pembangunan hingga paruh waktu RPJMN 2020?2024, yang dapat dilihat pada Tabel 2.1.",Bagaimana pengumpulan dan pemeriksaan data untuk keperluan Evaluasi Paruh Waktu Pelaksanaan RPJMN 2020-2024?,Sumber data utama Evaluasi Paruh Waktu Pelaksanaan RPJMN 2020?2024 adalah hasil Evaluasi Renstra K/L yang dituangkan dalam Matriks dan Narasi Self Assessment K/L. Capaian pelaksanaan pembangunan hingga paruh waktu RPJMN 2020?2024 dianalisis berdasarkan data dan informasi K/L yang kemudian diverifikasi oleh penanggung jawab (PJ) di Kementerian PPN/Bappenas. Pengumpulan data dilakukan sejak tahun 2022 dan difinalisasi pada tahun 2023 berdasarkan Hasil Rapat Kerja dengan Komisi XI DPR RI pada bulan April 2023.
