input,instuction,output
" Berdasarkan RKP 2025 target Laju Pertumbuhan Ekonomi (LPE) Jakarta adalah 4,98% - 5,23%",Berapa target Laju Pertumbuhan Ekonomi (LPE) Jakarta?,"4,98% - 5,23%"
"Berdasarkan RKP 2025 target persentase kemiskinan di Jakarta adalah 3,55% - 3,85%",Berapa target persentase kemiskinan di Jakarta?,"3,55% - 3,85%"
"Berdasarkan RKP 2025 target tingkat pengangguran terbuka (TPT) di Jakarta adalah 5,54% - 6,40%.",Berapa target Tingkat Pengangguran Terbuka (TPT) di Jakarta?,"5,54% - 6,40%"
"Berdasarkan RKP 2025 nilai indeks modal manusia (IMM) yang diharapkan di Jakarta adalah 0,62.",Berapa nilai Indeks Modal Manusia (IMM) yang diharapkan di Jakarta?,"0,62"
"Berdasarkan RKP 2025 target rasio gini di Jakarta adalah 0,425 - 0,430.",Berapa target Rasio Gini di Jakarta?,"0,425 - 0,430"
"Berdasarkan RKP 2025 target persentase intensitas emisi GRK di Jakarta adalah 14,65%.",Berapa target persentase Intensitas Emisi GRK di Jakarta?,"14,65%"
"Berdasarkan RKP 2025 target laju pertumbuhan ekonomi (LPE) Jawa Barat adalah 4,96% - 5,37%.",Berapa target Laju Pertumbuhan Ekonomi (LPE) Jawa Barat?,"4,96% - 5,37%"
"Berdasarkan RKP 2025 target persentase kemiskinan di Jawa Barat adalah 5,85% - 6,46%.",Berapa target persentase kemiskinan di Jawa Barat?,"5,85% - 6,46%"
"Berdasarkan RKP 2025 target tingkat pengangguran terbuka (TPT) di Jawa Barat adalah 6,42% - 6,99%.",Berapa target Tingkat Pengangguran Terbuka (TPT) di Jawa Barat?,"6,42% - 6,99%"
"Berdasarkan RKP 2025 nilai indeks modal manusia (IMM) yang diharapkan di Jawa Barat adalah 0,55.",Berapa nilai Indeks Modal Manusia (IMM) yang diharapkan di Jawa Barat?,"0,55"
"Berdasarkan RKP 2025 target rasio gini di Jawa Barat adalah 0,383 - 0,390.",Berapa target Rasio Gini di Jawa Barat?,"0,383 - 0,390"
"Berdasarkan RKP 2025 target persentase intensitas emisi GRK di Jawa Barat adalah 6,61%.",Berapa target persentase Intensitas Emisi GRK di Jawa Barat?,"6,61%"
"Berdasarkan RKP 2025 target laju pertumbuhan ekonomi (LPE) Jawa Tengah adalah 4,90% - 5,60%.",Berapa target Laju Pertumbuhan Ekonomi (LPE) Jawa Tengah?,"4,90% - 5,60%"
"Berdasarkan RKP 2025 target persentase kemiskinan di Jawa Tengah adalah 9,00% - 9,66%.",Berapa target persentase kemiskinan di Jawa Tengah?,"9,00% - 9,66%"
"Berdasarkan RKP 2025 target tingkat pengangguran terbuka (TPT) di Jawa Tengah adalah 4,42% - 4,81%.",Berapa target Tingkat Pengangguran Terbuka (TPT) di Jawa Tengah?,"4,42% - 4,81%"
"Berdasarkan RKP 2025 nilai indeks modal manusia (IMM) yang diharapkan di Jawa Tengah adalah 0,59.",Berapa nilai Indeks Modal Manusia (IMM) yang diharapkan di Jawa Tengah?,"0,59"
"Berdasarkan RKP 2025 target rasio gini di Jawa Tengah adalah 0,362 - 0,367.",Berapa target Rasio Gini di Jawa Tengah?,"0,362 - 0,367"
"Berdasarkan RKP 2025 target persentase intensitas emisi GRK di Jawa Tengah adalah 0,32%.",Berapa target persentase Intensitas Emisi GRK di Jawa Tengah?,"0,32%"
"Berdasarkan RKP 2025 target laju pertumbuhan ekonomi (LPE) Daerah Istimewa Yogyakarta adalah 5,30% - 5,80%.",Berapa target Laju Pertumbuhan Ekonomi (LPE) Daerah Istimewa Yogyakarta?,"5,30% - 5,80%"
"Berdasarkan RKP 2025 target persentase kemiskinan di Daerah Istimewa Yogyakarta adalah 10,00% - 10,50%.",Berapa target persentase kemiskinan di Daerah Istimewa Yogyakarta?,"10,00% - 10,50%"
"Berdasarkan RKP 2025 target tingkat pengangguran terbuka (TPT) di Daerah Istimewa Yogyakarta adalah 3,12% - 3,51%.",Berapa target Tingkat Pengangguran Terbuka (TPT) di Daerah Istimewa Yogyakarta?,"3,12% - 3,51%"
"Berdasarkan RKP 2025 nilai indeks modal manusia (IMM) yang diharapkan di Daerah Istimewa Yogyakarta adalah 0,70.",Berapa nilai Indeks Modal Manusia (IMM) yang diharapkan di Daerah Istimewa Yogyakarta?,"0,70"
"Berdasarkan RKP 2025 target rasio gini di Daerah Istimewa Yogyakarta adalah 0,443 - 0,447.",Berapa target Rasio Gini di Daerah Istimewa Yogyakarta?,"0,443 - 0,447"
"Berdasarkan RKP 2025 target persentase intensitas emisi GRK di Daerah Istimewa Yogyakarta adalah 62,14%.",Berapa target persentase Intensitas Emisi GRK di Daerah Istimewa Yogyakarta?,"62,14%"
"Berdasarkan RKP 2025 target laju pertumbuhan ekonomi (LPE) Jawa Timur adalah 5,10% - 5,41%.",Berapa target Laju Pertumbuhan Ekonomi (LPE) Jawa Timur?,"5,10% - 5,41%"
"Berdasarkan RKP 2025 target persentase kemiskinan di Jawa Timur adalah 7,58% - 8,08%.",Berapa target persentase kemiskinan di Jawa Timur?,"7,58% - 8,08%"
"Berdasarkan RKP 2025 target tingkat pengangguran terbuka (TPT) di Jawa Timur adalah 3,90% - 4,49%.",Berapa target Tingkat Pengangguran Terbuka (TPT) di Jawa Timur?,"3,90% - 4,49%"
"Berdasarkan RKP 2025 nilai indeks modal manusia (IMM) yang diharapkan di Jawa Timur adalah 0,61.",Berapa nilai Indeks Modal Manusia (IMM) yang diharapkan di Jawa Timur?,"0,61"
"Berdasarkan RKP 2025 target rasio gini di Jawa Timur adalah 0,381 - 0,386.",Berapa target Rasio Gini di Jawa Timur?,"0,381 - 0,386"
Berdasarkan RKP 2025 target persentase intensitas emisi GRK di Jawa Timur adalah 0.01.,Berapa target persentase Intensitas Emisi GRK di Jawa Timur?,0.01
"Berdasarkan RKP 2025 target laju pertumbuhan ekonomi (LPE) Banten adalah 5,28% - 5,33%.",Berapa target Laju Pertumbuhan Ekonomi (LPE) Banten?,"5,28% - 5,33%"
"Berdasarkan RKP 2025 target persentase kemiskinan di Banten adalah 4,50% - 5,50%.",Berapa target persentase kemiskinan di Banten?,"4,50% - 5,50%"
"Berdasarkan RKP 2025 target tingkat pengangguran terbuka (TPT) di Banten adalah 6,87% - 7,24%.",Berapa target Tingkat Pengangguran Terbuka (TPT) di Banten?,"6,87% - 7,24%"
"Berdasarkan RKP 2025 nilai indeks modal manusia (IMM) yang diharapkan di Banten adalah 0,54.",Berapa nilai Indeks Modal Manusia (IMM) yang diharapkan di Banten?,"0,54"
"Berdasarkan RKP 2025 target rasio gini di Banten adalah 0,344 - 0,365.",Berapa target Rasio Gini di Banten?,"0,344 - 0,365"
"Berdasarkan RKP 2025 target persentase intensitas emisi GRK di Banten adalah 43,56%.",Berapa target persentase Intensitas Emisi GRK di Banten?,"43,56%"
"Berdasarkan RKP 2025 target laju pertumbuhan ekonomi (LPE) Bali adalah 5,30% - 6,30%.",Berapa target Laju Pertumbuhan Ekonomi (LPE) Bali?,"5,30% - 6,30%"
"Berdasarkan RKP 2025 target persentase kemiskinan di Bali adalah 3,57% - 3,93%.",Berapa target persentase kemiskinan di Bali?,"3,57% - 3,93%"
"Berdasarkan RKP 2025 target tingkat pengangguran terbuka (TPT) di Bali adalah 1,87% - 2,35%.",Berapa target Tingkat Pengangguran Terbuka (TPT) di Bali?,"1,87% - 2,35%"
"Berdasarkan RKP 2025 nilai indeks modal manusia (IMM) yang diharapkan di Bali adalah 0,59.",Berapa nilai Indeks Modal Manusia (IMM) yang diharapkan di Bali?,"0,59"
"Berdasarkan RKP 2025 target rasio gini di Bali adalah 0,355 - 0,359.",Berapa target Rasio Gini di Bali?,"0,355 - 0,359"
"Berdasarkan RKP 2025 target persentase intensitas emisi GRK di Bali adalah 5,36%.",Berapa target persentase Intensitas Emisi GRK di Bali?,"5,36%"
"Berdasarkan RKP 2025 target laju pertumbuhan ekonomi (LPE) Nusa Tenggara Barat adalah 6,00% - 6,50%.",Berapa target Laju Pertumbuhan Ekonomi (LPE) Nusa Tenggara Barat?,"6,00% - 6,50%"
"Berdasarkan RKP 2025 target persentase kemiskinan di Nusa Tenggara Barat adalah 11,68% - 12,18%.",Berapa target persentase kemiskinan di Nusa Tenggara Barat?,"11,68% - 12,18%"
"Berdasarkan RKP 2025 target tingkat pengangguran terbuka (TPT) di Nusa Tenggara Barat adalah 2,19% - 2,79%.",Berapa target Tingkat Pengangguran Terbuka (TPT) di Nusa Tenggara Barat?,"2,19% - 2,79%"
"Berdasarkan RKP 2025 nilai indeks modal manusia (IMM) yang diharapkan di Nusa Tenggara Barat adalah 0,54.",Berapa nilai Indeks Modal Manusia (IMM) yang diharapkan di Nusa Tenggara Barat?,"0,54"
"Berdasarkan RKP 2025 target rasio gini di Nusa Tenggara Barat adalah 0,369 - 0,373.",Berapa target Rasio Gini di Nusa Tenggara Barat?,"0,369 - 0,373"
"Berdasarkan RKP 2025 target persentase intensitas emisi GRK di Nusa Tenggara Barat adalah 25,99%.",Berapa target persentase Intensitas Emisi GRK di Nusa Tenggara Barat?,"25,99%"
"Berdasarkan RKP 2025 target laju pertumbuhan ekonomi (LPE) Nusa Tenggara Timur adalah 4,75% - 5,65%.",Berapa target Laju Pertumbuhan Ekonomi (LPE) Nusa Tenggara Timur?,"4,75% - 5,65%"
"Berdasarkan RKP 2025 target persentase kemiskinan di Nusa Tenggara Timur adalah 15,32% - 15,82%.",Berapa target persentase kemiskinan di Nusa Tenggara Timur?,"15,32% - 15,82%"
"Berdasarkan RKP 2025 target tingkat pengangguran terbuka (TPT) di Nusa Tenggara Timur adalah 2,49% - 2,99%.",Berapa target Tingkat Pengangguran Terbuka (TPT) di Nusa Tenggara Timur?,"2,49% - 2,99%"
"Berdasarkan RKP 2025 nilai indeks modal manusia (IMM) yang diharapkan di Nusa Tenggara Timur adalah 0,47.",Berapa nilai Indeks Modal Manusia (IMM) yang diharapkan di Nusa Tenggara Timur?,"0,47"
"Berdasarkan RKP 2025 target rasio gini di Nusa Tenggara Timur adalah 0,319 - 0,324.",Berapa target Rasio Gini di Nusa Tenggara Timur?,"0,319 - 0,324"
"Berdasarkan RKP 2025 target persentase intensitas emisi GRK di Nusa Tenggara Timur adalah 61,82%.",Berapa target persentase Intensitas Emisi GRK di Nusa Tenggara Timur?,"61,82%"
"Berdasarkan RKP 2025 target laju pertumbuhan ekonomi (LPE) Kalimantan Barat adalah 5,30% - 5,65%.",Berapa target Laju Pertumbuhan Ekonomi (LPE) Kalimantan Barat?,"5,30% - 5,65%"
"Berdasarkan RKP 2025 target persentase kemiskinan di Kalimantan Barat adalah 5,65% - 6,15%.",Berapa target persentase kemiskinan di Kalimantan Barat?,"5,65% - 6,15%"
"Berdasarkan RKP 2025 target tingkat pengangguran terbuka (TPT) di Kalimantan Barat adalah 4,73% - 4,86%.",Berapa target Tingkat Pengangguran Terbuka (TPT) di Kalimantan Barat?,"4,73% - 4,86%"
"Berdasarkan RKP 2025 nilai indeks modal manusia (IMM) yang diharapkan di Kalimantan Barat adalah 0,50.",Berapa nilai Indeks Modal Manusia (IMM) yang diharapkan di Kalimantan Barat?,"0,50"
"Berdasarkan RKP 2025 target rasio gini di Kalimantan Barat adalah 0,315 - 0,321.",Berapa target Rasio Gini di Kalimantan Barat?,"0,315 - 0,321"
"Berdasarkan RKP 2025 target persentase intensitas emisi GRK di Kalimantan Barat adalah 67,73%.",Berapa target persentase Intensitas Emisi GRK di Kalimantan Barat?,"67,73%"
"Berdasarkan RKP 2025 target laju pertumbuhan ekonomi (LPE) Kalimantan Tengah adalah 5,60%.",Berapa target Laju Pertumbuhan Ekonomi (LPE) Kalimantan Tengah?,"5,60%"
"Berdasarkan RKP 2025 target persentase kemiskinan di Kalimantan Tengah adalah 4,11% - 4,61%.",Berapa target persentase kemiskinan di Kalimantan Tengah?,"4,11% - 4,61%"
"Berdasarkan RKP 2025 target tingkat pengangguran terbuka (TPT) di Kalimantan Tengah adalah 3,32% - 3,91%.",Berapa target Tingkat Pengangguran Terbuka (TPT) di Kalimantan Tengah?,"3,32% - 3,91%"
"Berdasarkan RKP 2025 nilai indeks modal manusia (IMM) yang diharapkan di Kalimantan Tengah adalah 0,54.",Berapa nilai Indeks Modal Manusia (IMM) yang diharapkan di Kalimantan Tengah?,"0,54"
"Berdasarkan RKP 2025 target rasio gini di Kalimantan Tengah adalah 0,311 - 0,315.",Berapa target Rasio Gini di Kalimantan Tengah?,"0,311 - 0,315"
Berdasarkan RKP 2025 target persentase intensitas emisi GRK di Kalimantan Tengah adalah 0.76.,Berapa target persentase Intensitas Emisi GRK di Kalimantan Tengah?,0.76
"Berdasarkan RKP 2025 target laju pertumbuhan ekonomi (LPE) Kalimantan Selatan adalah 4,97% - 5,28%.",Berapa target Laju Pertumbuhan Ekonomi (LPE) Kalimantan Selatan?,"4,97% - 5,28%"
"Berdasarkan RKP 2025 target persentase kemiskinan di Kalimantan Selatan adalah 3,60% - 3,94%.",Berapa target persentase kemiskinan di Kalimantan Selatan?,"3,60% - 3,94%"
"Berdasarkan RKP 2025 target tingkat pengangguran terbuka (TPT) di Kalimantan Selatan adalah 3,86% - 4,25%.",Berapa target Tingkat Pengangguran Terbuka (TPT) di Kalimantan Selatan?,"3,86% - 4,25%"
"Berdasarkan RKP 2025 nilai indeks modal manusia (IMM) yang diharapkan di Kalimantan Selatan adalah 0,55.",Berapa nilai Indeks Modal Manusia (IMM) yang diharapkan di Kalimantan Selatan?,"0,55"
"Berdasarkan RKP 2025 target rasio gini di Kalimantan Selatan adalah 0,307 - 0,311.",Berapa target Rasio Gini di Kalimantan Selatan?,"0,307 - 0,311"
"Berdasarkan RKP 2025 target persentase intensitas emisi GRK di Kalimantan Selatan adalah 75,97%.",Berapa target persentase Intensitas Emisi GRK di Kalimantan Selatan?,"75,97%"
"Berdasarkan RKP 2025 target laju pertumbuhan ekonomi (LPE) kalimantan Timur adalah 6,28% - 6,58%.",Berapa target Laju Pertumbuhan Ekonomi (LPE) Kalimantan Timur?,"6,28% - 6,58%"
"Berdasarkan RKP 2025 target persentase kemiskinan di kalimantan Timur adalah 4,24% - 5,05%.",Berapa target persentase kemiskinan di Kalimantan Timur?,"4,24% - 5,05%"
"Berdasarkan RKP 2025 target tingkat pengangguran terbuka (TPT) di kalimantan Timur adalah 4,50% - 5,14%.",Berapa target Tingkat Pengangguran Terbuka (TPT) di Kalimantan Timur?,"4,50% - 5,14%"
"Berdasarkan RKP 2025 nilai indeks modal manusia (IMM) yang diharapkan di kalimantan Timur adalah 0,57.",Berapa nilai Indeks Modal Manusia (IMM) yang diharapkan di Kalimantan Timur?,"0,57"
"Berdasarkan RKP 2025 target rasio gini di kalimantan Timur adalah 0,310 - 0,321.",Berapa target Rasio Gini di Kalimantan Timur?,"0,310 - 0,321"
"Berdasarkan RKP 2025 target persentase intensitas emisi GRK di kalimantan Timur adalah 40,82%.",Berapa target persentase Intensitas Emisi GRK di Kalimantan Timur?,"40,82%"
"Berdasarkan RKP 2025 target laju pertumbuhan ekonomi (LPE) Kalimantan Utara adalah 5,31% - 6,50%.",Berapa target Laju Pertumbuhan Ekonomi (LPE) Kalimantan Utara?,"5,31% - 6,50%"
"Berdasarkan RKP 2025 target persentase kemiskinan di Kalimantan Utara adalah 4,33% - 5,07%.",Berapa target persentase kemiskinan di Kalimantan Utara?,"4,33% - 5,07%"
"Berdasarkan RKP 2025 target tingkat pengangguran terbuka (TPT) di Kalimantan Utara adalah 3,90% - 3,94%.",Berapa target Tingkat Pengangguran Terbuka (TPT) di Kalimantan Utara?,"3,90% - 3,94%"
"Berdasarkan RKP 2025 nilai indeks modal manusia (IMM) yang diharapkan di Kalimantan Utara adalah 0,54.",Berapa nilai Indeks Modal Manusia (IMM) yang diharapkan di Kalimantan Utara?,"0,54"
"Berdasarkan RKP 2025 target rasio gini di Kalimantan Utara adalah 0,263.",Berapa target Rasio Gini di Kalimantan Utara?,"0,263"
"Berdasarkan RKP 2025 target persentase intensitas emisi GRK di Kalimantan Utara adalah 55,77%.",Berapa target persentase Intensitas Emisi GRK di Kalimantan Utara?,"55,77%"
"Berdasarkan RKP 2025 target LPE (laju pertumbuhan ekonomi) provinsi Sulawesi Utara adalah 5,43% - 5,85%.",Berapa target LPE (Laju Pertumbuhan Ekonomi) Provinsi Sulawesi Utara?,"5,43% - 5,85%"
"Berdasarkan RKP 2025 target persentase kemiskinan di provinsi Sulawesi Utara adalah 5,59% - 6,19%.",Berapa target persentase kemiskinan di Provinsi Sulawesi Utara?,"5,59% - 6,19%"
"Berdasarkan RKP 2025 target tingkat pengangguran terbuka (TPT) di provinsi Sulawesi Utara adalah 5,01% - 5,56%.",Berapa target Tingkat Pengangguran Terbuka (TPT) di Provinsi Sulawesi Utara?,"5,01% - 5,56%"
"Berdasarkan RKP 2025 nilai indeks modal manusia (IMM) di provinsi Sulawesi Utara adalah 0,51.",Berapa nilai Indeks Modal Manusia (IMM) di Provinsi Sulawesi Utara?,"0,51"
"Berdasarkan RKP 2025 target rasio gini di provinsi Sulawesi Utara adalah 0,339 - 0,352.",Berapa target Rasio Gini di Provinsi Sulawesi Utara?,"0,339 - 0,352"
"Berdasarkan RKP 2025 target intensitas emisi GRK di provinsi Sulawesi Utara adalah 54,9%.",Berapa target Intensitas Emisi GRK di Provinsi Sulawesi Utara?,"54,9%"
"Berdasarkan RKP 2025 target LPE (laju pertumbuhan ekonomi) provinsi Sulawesi Tengah adalah 12,72% - 13,28%.",Berapa target LPE (Laju Pertumbuhan Ekonomi) Provinsi Sulawesi Tengah?,"12,72% - 13,28%"
"Berdasarkan RKP 2025 target persentase kemiskinan di provinsi Sulawesi Tengah adalah 11,06% - 11,56%.",Berapa target persentase kemiskinan di Provinsi Sulawesi Tengah?,"11,06% - 11,56%"
"Berdasarkan RKP 2025 target tingkat pengangguran terbuka (TPT) di provinsi Sulawesi Tengah adalah 2,25% - 2,94%.",Berapa target Tingkat Pengangguran Terbuka (TPT) di Provinsi Sulawesi Tengah?,"2,25% - 2,94%"
"Berdasarkan RKP 2025 nilai indeks modal manusia (IMM) di provinsi Sulawesi Tengah adalah 0,51.",Berapa nilai Indeks Modal Manusia (IMM) di Provinsi Sulawesi Tengah?,"0,51"
"Berdasarkan RKP 2025 target rasio gini di provinsi Sulawesi Tengah adalah 0,298 - 0,302.",Berapa target Rasio Gini di Provinsi Sulawesi Tengah?,"0,298 - 0,302"
"Berdasarkan RKP 2025 target intensitas emisi GRK di provinsi Sulawesi Tengah adalah 77,96%.",Berapa target Intensitas Emisi GRK di Provinsi Sulawesi Tengah?,"77,96%"
"Berdasarkan RKP 2025 target LPE (laju pertumbuhan ekonomi) provinsi Sulawesi Selatan adalah 5,50% - 6,30%.",Berapa target LPE (Laju Pertumbuhan Ekonomi) Provinsi Sulawesi Selatan?,"5,50% - 6,30%"
"Berdasarkan RKP 2025 target persentase kemiskinan di provinsi Sulawesi Selatan adalah 7,30% - 7,89%.",Berapa target persentase kemiskinan di Provinsi Sulawesi Selatan?,"7,30% - 7,89%"
"Berdasarkan RKP 2025 target tingkat pengangguran terbuka (TPT) di provinsi Sulawesi Selatan adalah 3,80% - 4,10%.",Berapa target Tingkat Pengangguran Terbuka (TPT) di Provinsi Sulawesi Selatan?,"3,80% - 4,10%"
"Berdasarkan RKP 2025 nilai indeks modal manusia (IMM) di provinsi Sulawesi Selatan adalah 0,52.",Berapa nilai Indeks Modal Manusia (IMM) di Provinsi Sulawesi Selatan?,"0,52"
"Berdasarkan RKP 2025 target rasio gini di provinsi Sulawesi Selatan adalah 0,371 - 0,376.",Berapa target Rasio Gini di Provinsi Sulawesi Selatan?,"0,371 - 0,376"
"Berdasarkan RKP 2025 target intensitas emisi GRK di provinsi Sulawesi Selatan adalah 37,00%.",Berapa target Intensitas Emisi GRK di Provinsi Sulawesi Selatan?,"37,00%"
"Berdasarkan RKP 2025 target LPE (laju pertumbuhan ekonomi) provinsi Sulawesi Tenggara adalah 5,96% - 6,46%.",Berapa target LPE (Laju Pertumbuhan Ekonomi) Provinsi Sulawesi Tenggara?,"5,96% - 6,46%"
"Berdasarkan RKP 2025 target persentase kemiskinan di provinsi Sulawesi Tenggara adalah 10,04% -10,54%.",Berapa target persentase kemiskinan di Provinsi Sulawesi Tenggara?,"10,04% -10,54%"
"Berdasarkan RKP 2025 target tingkat pengangguran terbuka (TPT) di provinsi Sulawesi Tenggara adalah 2,54% - 3,04%.",Berapa target Tingkat Pengangguran Terbuka (TPT) di Provinsi Sulawesi Tenggara?,"2,54% - 3,04%"
"Berdasarkan RKP 2025 nilai indeks modal manusia (IMM) di provinsi Sulawesi Tenggara adalah 0,54.",Berapa nilai Indeks Modal Manusia (IMM) di Provinsi Sulawesi Tenggara?,"0,54"
"Berdasarkan RKP 2025 target rasio gini di provinsi Sulawesi Tenggara adalah 0,365 - 0,371.",Berapa target Rasio Gini di Provinsi Sulawesi Tenggara?,"0,365 - 0,371"
"Berdasarkan RKP 2025 target intensitas emisi GRK di provinsi Sulawesi Tenggara adalah 28,93%.",Berapa target Intensitas Emisi GRK di Provinsi Sulawesi Tenggara?,"28,93%"
"Berdasarkan RKP 2025 target LPE (laju pertumbuhan ekonomi) provinsi Gorontalo adalah 5,23% - 5,46%.",Berapa target LPE (Laju Pertumbuhan Ekonomi) Provinsi Gorontalo?,"5,23% - 5,46%"
"Berdasarkan RKP 2025 target persentase kemiskinan di provinsi Gorontalo adalah 14,21% - 14,50%.",Berapa target persentase kemiskinan di Provinsi Gorontalo?,"14,21% - 14,50%"
"Berdasarkan RKP 2025 target tingkat pengangguran terbuka (TPT) di provinsi Gorontalo adalah 2,87% - 3,08%.",Berapa target Tingkat Pengangguran Terbuka (TPT) di Provinsi Gorontalo?,"2,87% - 3,08%"
"Berdasarkan RKP 2025 nilai indeks modal manusia (IMM) di provinsi Gorontalo adalah 0,50.",Berapa nilai Indeks Modal Manusia (IMM) di Provinsi Gorontalo?,"0,50"
"Berdasarkan RKP 2025 target rasio gini di provinsi Gorontalo adalah 0,394 - 0,400.",Berapa target Rasio Gini di Provinsi Gorontalo?,"0,394 - 0,400"
"Berdasarkan RKP 2025 target intensitas emisi GRK di provinsi Gorontalo adalah 59,58%.",Berapa target Intensitas Emisi GRK di Provinsi Gorontalo?,"59,58%"
"Berdasarkan RKP 2025 target LPE (laju pertumbuhan ekonomi) provinsi Sulawesi Barat adalah 5,23% - 5,79%.",Berapa target LPE (Laju Pertumbuhan Ekonomi) Provinsi Sulawesi Barat?,"5,23% - 5,79%"
"Berdasarkan RKP 2025 target persentase kemiskinan di provinsi Sulawesi Barat adalah 9,00% - 9,73%.",Berapa target persentase kemiskinan di Provinsi Sulawesi Barat?,"9,00% - 9,73%"
"Berdasarkan RKP 2025 target tingkat pengangguran terbuka (TPT) di provinsi Sulawesi Barat adalah 1,41% - 2,00%.",Berapa target Tingkat Pengangguran Terbuka (TPT) di Provinsi Sulawesi Barat?,"1,41% - 2,00%"
"Berdasarkan RKP 2025 nilai indeks modal manusia (IMM) di provinsi Sulawesi Barat adalah 0,50.",Berapa nilai Indeks Modal Manusia (IMM) di Provinsi Sulawesi Barat?,"0,50"
"Berdasarkan RKP 2025 target rasio gini di provinsi Sulawesi Barat adalah 0,345 - 0,349.",Berapa target Rasio Gini di Provinsi Sulawesi Barat?,"0,345 - 0,349"
"Berdasarkan RKP 2025 target intensitas emisi GRK di provinsi Sulawesi Barat adalah 61,65%.",Berapa target Intensitas Emisi GRK di Provinsi Sulawesi Barat?,"61,65%"
"Berdasarkan RKP 2025 target laju pertumbuhan ekonomi (LPE) provinsi Maluku adalah 5,26% - 5,51%.",Berapa target Laju Pertumbuhan Ekonomi (LPE) Provinsi Maluku?,"5,26% - 5,51%"
"Berdasarkan RKP 2025 target persentase kemiskinan di provinsi Maluku adalah 13,01% - 13,51%.",Berapa target persentase kemiskinan di Provinsi Maluku?,"13,01% - 13,51%"
"Berdasarkan RKP 2025 target tingkat pengangguran terbuka (TPT) di provinsi Maluku adalah 5,55% - 6,03%.",Berapa target Tingkat Pengangguran Terbuka (TPT) di Provinsi Maluku?,"5,55% - 6,03%"
"Berdasarkan RKP 2025 nilai indeks modal manusia (IMM) di provinsi Maluku adalah 0,49.",Berapa nilai Indeks Modal Manusia (IMM) di Provinsi Maluku?,"0,49"
"Berdasarkan RKP 2025 target rasio gini di provinsi Maluku adalah 0,282 - 0,287.",Berapa target Rasio Gini di Provinsi Maluku?,"0,282 - 0,287"
"Berdasarkan RKP 2025 target intensitas emisi GRK di provinsi Maluku adalah 42,88%.",Berapa target Intensitas Emisi GRK di Provinsi Maluku?,"42,88%"
"Berdasarkan RKP 2025 target laju pertumbuhan ekonomi (LPE) provinsi Maluku Utara adalah 14,90% - 16,00%.",Berapa target Laju Pertumbuhan Ekonomi (LPE) Provinsi Maluku Utara?,"14,90% - 16,00%"
"Berdasarkan RKP 2025 target persentase kemiskinan di provinsi Maluku Utara adalah 4,95% - 5,15%.",Berapa target persentase kemiskinan di Provinsi Maluku Utara?,"4,95% - 5,15%"
"Berdasarkan RKP 2025 target tingkat pengangguran terbuka (TPT) di provinsi Maluku Utara adalah 3,80 - 4,00%.",Berapa target Tingkat Pengangguran Terbuka (TPT) di Provinsi Maluku Utara?,"3,80 - 4,00%"
"Berdasarkan RKP 2025 nilai indeks modal manusia (IMM) di provinsi Maluku Utara adalah 0,49.",Berapa nilai Indeks Modal Manusia (IMM) di Provinsi Maluku Utara?,"0,49"
"Berdasarkan RKP 2025 target rasio gini di provinsi Maluku Utara adalah 0,297 - 0,280.",Berapa target Rasio Gini di Provinsi Maluku Utara?,"0,297 - 0,280"
"Berdasarkan RKP 2025 target intensitas emisi GRK di provinsi Maluku Utara adalah 86,35%.",Berapa target Intensitas Emisi GRK di Provinsi Maluku Utara?,"86,35%"
"Berdasarkan RKP 2025 target laju pertumbuhan ekonomi (LPE) provinsi Papua adalah 4,4% - 4,9%.",Berapa target Laju Pertumbuhan Ekonomi (LPE) Provinsi Papua?,"4,4% - 4,9%"
"Berdasarkan RKP 2025 target persentase kemiskinan di provinsi Papua adalah 16,0% - 16,5%.",Berapa target persentase kemiskinan di Provinsi Papua?,"16,0% - 16,5%"
"Berdasarkan RKP 2025 target tingkat pengangguran terbuka (TPT) di provinsi Papua adalah 6,3% - 6,8%.",Berapa target Tingkat Pengangguran Terbuka (TPT) di Provinsi Papua?,"6,3% - 6,8%"
"Berdasarkan RKP 2025 nilai indeks modal manusia (IMM) di provinsi Papua adalah 0,45.",Berapa nilai Indeks Modal Manusia (IMM) di Provinsi Papua?,"0,45"
"Berdasarkan RKP 2025 target rasio gini di provinsi Papua adalah 0,380 - 0,383.",Berapa target Rasio Gini di Provinsi Papua?,"0,380 - 0,383"
"Berdasarkan RKP 2025 target intensitas emisi GRK di provinsi Papua adalah 59,28%.",Berapa target Intensitas Emisi GRK di Provinsi Papua?,"59,28%"
"Berdasarkan RKP 2025 target laju pertumbuhan ekonomi (LPE) provinsi Papua Barat adalah 5,19% - 5,48%.",Berapa target Laju Pertumbuhan Ekonomi (LPE) Provinsi Papua Barat?,"5,19% - 5,48%"
"Berdasarkan RKP 2025 target persentase kemiskinan di provinsi Papua Barat adalah 19,62% - 20,12%.",Berapa target persentase kemiskinan di Provinsi Papua Barat?,"19,62% - 20,12%"
"Berdasarkan RKP 2025 target tingkat pengangguran terbuka (TPT) di provinsi Papua Barat adalah 3,75% - 4,06%.",Berapa target Tingkat Pengangguran Terbuka (TPT) di Provinsi Papua Barat?,"3,75% - 4,06%"
"Berdasarkan RKP 2025 nilai indeks modal manusia (IMM) di provinsi Papua Barat adalah 0,46.",Berapa nilai Indeks Modal Manusia (IMM) di Provinsi Papua Barat?,"0,46"
"Berdasarkan RKP 2025 target rasio gini di provinsi Papua Barat adalah 0,370 - 0,380.",Berapa target Rasio Gini di Provinsi Papua Barat?,"0,370 - 0,380"
"Berdasarkan RKP 2025 target intensitas emisi GRK di provinsi Papua Barat adalah 1,08%.",Berapa target Intensitas Emisi GRK di Provinsi Papua Barat?,"1,08%"
"Berdasarkan RKP 2025 target laju pertumbuhan ekonomi (LPE) provinsi Papua Tengah adalah 6,17% - 6,87%.",Berapa target Laju Pertumbuhan Ekonomi (LPE) Provinsi Papua Tengah?,"6,17% - 6,87%"
"Berdasarkan RKP 2025 target persentase kemiskinan di provinsi Papua Tengah adalah 26,50% - 27,00%.",Berapa target persentase kemiskinan di Provinsi Papua Tengah?,"26,50% - 27,00%"
"Berdasarkan RKP 2025 target tingkat pengangguran terbuka (TPT) di provinsi Papua Tengah adalah 1,75% - 2,10%.",Berapa target Tingkat Pengangguran Terbuka (TPT) di Provinsi Papua Tengah?,"1,75% - 2,10%"
"Berdasarkan RKP 2025 nilai indeks modal manusia (IMM) di provinsi Papua Tengah adalah 0,43.",Berapa nilai Indeks Modal Manusia (IMM) di Provinsi Papua Tengah?,"0,43"
"Berdasarkan RKP 2025 target rasio gini di provinsi Papua Tengah adalah 0,380 - 0,383.",Berapa target Rasio Gini di Provinsi Papua Tengah?,"0,380 - 0,383"
"Berdasarkan RKP 2025 target intensitas emisi GRK di provinsi Papua Tengah adalah 59,28%.",Berapa target Intensitas Emisi GRK di Provinsi Papua Tengah?,"59,28%"
"Berdasarkan RKP 2025 target laju pertumbuhan ekonomi (LPE) provinsi Papua Pegunungan adalah 4,87% - 5,38%.",Berapa target Laju Pertumbuhan Ekonomi (LPE) Provinsi Papua Pegunungan?,"4,87% - 5,38%"
"Berdasarkan RKP 2025 target persentase kemiskinan di provinsi Papua Pegunungan adalah 30,00% - 31,00%.",Berapa target persentase kemiskinan di Provinsi Papua Pegunungan?,"30,00% - 31,00%"
"Berdasarkan RKP 2025 target tingkat pengangguran terbuka (TPT) di provinsi Papua Pegunungan adalah 0,84% - 1,00%.",Berapa target Tingkat Pengangguran Terbuka (TPT) di Provinsi Papua Pegunungan?,"0,84% - 1,00%"
"Berdasarkan RKP 2025 nilai indeks modal manusia (IMM) di provinsi Papua Pegunungan adalah 0,42.",Berapa nilai Indeks Modal Manusia (IMM) di Provinsi Papua Pegunungan?,"0,42"
"Berdasarkan RKP 2025 target rasio gini di provinsi Papua Pegunungan adalah 0,377 - 0,383.",Berapa target Rasio Gini di Provinsi Papua Pegunungan?,"0,377 - 0,383"
"Berdasarkan RKP 2025 target intensitas emisi GRK di provinsi Papua Pegunungan adalah 59,28%.",Berapa target Intensitas Emisi GRK di Provinsi Papua Pegunungan?,"59,28%"
"Berdasarkan RKP 2025 target laju pertumbuhan ekonomi (LPE) provinsi Papua Selatan adalah 4,91% - 5,3%.",Berapa target Laju Pertumbuhan Ekonomi (LPE) Provinsi Papua Selatan?,"4,91% - 5,3%"
"Berdasarkan RKP 2025 target persentase kemiskinan di provinsi Papua Selatan adalah 16,50% - 17,00%.",Berapa target persentase kemiskinan di Provinsi Papua Selatan?,"16,50% - 17,00%"
"Berdasarkan RKP 2025 target tingkat pengangguran terbuka (TPT) di provinsi Papua Selatan adalah 2,65% - 3,12%.",Berapa target Tingkat Pengangguran Terbuka (TPT) di Provinsi Papua Selatan?,"2,65% - 3,12%"
"Berdasarkan RKP 2025 nilai indeks modal manusia (IMM) di provinsi Papua Selatan adalah 0,44.",Berapa nilai Indeks Modal Manusia (IMM) di Provinsi Papua Selatan?,"0,44"
"Berdasarkan RKP 2025 target rasio gini di provinsi Papua Selatan adalah 0,372.",Berapa target Rasio Gini di Provinsi Papua Selatan?,"0,372"
"Berdasarkan RKP 2025 target intensitas emisi GRK di provinsi Papua Selatan adalah 59,00%.",Berapa target Intensitas Emisi GRK di Provinsi Papua Selatan?,"59,00%"
"Berdasarkan RKP 2025 target laju pertumbuhan ekonomi (LPE) di provinsi Papua Barat Daya adalah 3,7% - 4,5%.",Berapa target Laju Pertumbuhan Ekonomi (LPE) di Provinsi Papua Barat Daya?,"3,7% - 4,5%"
"Berdasarkan RKP 2025 target persentase kemiskinan di provinsi Papua Barat Daya adalah 17,60% - 18,00%.",Berapa target persentase kemiskinan di Provinsi Papua Barat Daya?,"17,60% - 18,00%"
"Berdasarkan RKP 2025 target tingkat pengangguran terbuka (TPT) di provinsi Papua Barat Daya adalah 6,00% - 6,40%.",Berapa target Tingkat Pengangguran Terbuka (TPT) di Provinsi Papua Barat Daya?,"6,00% - 6,40%"
"Berdasarkan RKP 2025 nilai indeks modal manusia (IMM) di provinsi Papua Barat Daya adalah 0,47.",Berapa nilai Indeks Modal Manusia (IMM) di Provinsi Papua Barat Daya?,"0,47"
"Berdasarkan RKP 2025 target rasio gini di provinsi Papua Barat Daya adalah 0,300.",Berapa target Rasio Gini di Provinsi Papua Barat Daya?,"0,300"
"Berdasarkan RKP 2025 target intensitas emisi GRK di provinsi Papua Barat Daya adalah 1,08%.",Berapa target Intensitas Emisi GRK di Provinsi Papua Barat Daya?,"1,08%"
"Berdasarkan RKP 2025 target laju pertumbuhan ekonomi (LPE) di provinsi Bengkulu pada 2025 adalah 4,55% - 4,86%.",Berapa target Laju Pertumbuhan Ekonomi (LPE) di Provinsi Bengkulu pada 2025?,"4,55% - 4,86%"
"Berdasarkan RKP 2025 target persentase kemiskinan di provinsi Bengkulu pada 2025 adalah 13,1% - 13,6%.",Berapa target persentase kemiskinan di Provinsi Bengkulu pada 2025?,"13,1% - 13,6%"
"Berdasarkan RKP 2025 target tingkat pengangguran terbuka (TPT) di provinsi Bengkulu pada 2025 adalah 3,30% - 3,41%.",Berapa target Tingkat Pengangguran Terbuka (TPT) di Provinsi Bengkulu pada 2025?,"3,30% - 3,41%"
"Berdasarkan RKP 2025 target indeks modal manusia (IMM) di provinsi Bengkulu pada 2025 adalah 0,53.",Berapa target Indeks Modal Manusia (IMM) di Provinsi Bengkulu pada 2025?,"0,53"
"Berdasarkan RKP 2025 target rasio gini di provinsi Bengkulu pada 2025 adalah 0,327 - 0,332.",Berapa target Rasio Gini di Provinsi Bengkulu pada 2025?,"0,327 - 0,332"
"Berdasarkan RKP 2025 target intensitas emisi gas rumah kaca (GRK) di provinsi Bengkulu pada 2025 adalah 57,74.",Berapa target Intensitas Emisi Gas Rumah Kaca (GRK) di Provinsi Bengkulu pada 2025?,"57,74"
"Berdasarkan RKP 2025 target laju pertumbuhan ekonomi (LPE) di provinsi Lampung pada 2025 adalah 4,90% - 5,30%.",Berapa target Laju Pertumbuhan Ekonomi (LPE) di Provinsi Lampung pada 2025?,"4,90% - 5,30%"
"Berdasarkan RKP 2025 target persentase kemiskinan di provinsi Lampung pada 2025 adalah 9,50% - 10,00%.",Berapa target persentase kemiskinan di Provinsi Lampung pada 2025?,"9,50% - 10,00%"
"Berdasarkan RKP 2025 target tingkat pengangguran terbuka (TPT) di provinsi Lampung pada 2025 adalah 3,86% - 4,00%.",Berapa target Tingkat Pengangguran Terbuka (TPT) di Provinsi Lampung pada 2025?,"3,86% - 4,00%"
"Berdasarkan RKP 2025 target indeks modal manusia (IMM) di provinsi Lampung pada 2025 adalah 0,54.",Berapa target Indeks Modal Manusia (IMM) di Provinsi Lampung pada 2025?,"0,54"
"Berdasarkan RKP 2025 target rasio gini di provinsi Lampung pada 2025 adalah 0,318 - 0,321.",Berapa target Rasio Gini di Provinsi Lampung pada 2025?,"0,318 - 0,321"
"Berdasarkan RKP 2025 target intensitas emisi gas rumah kaca (GRK) di provinsi Lampung pada 2025 adalah 62,79.",Berapa target Intensitas Emisi Gas Rumah Kaca (GRK) di Provinsi Lampung pada 2025?,"62,79"
"Berdasarkan RKP 2025 target laju pertumbuhan ekonomi (LPE) di provinsi Kepulauan Bangka Belitung pada 2025 adalah 4,46% - 5,10%.",Berapa target Laju Pertumbuhan Ekonomi (LPE) di Provinsi Kepulauan Bangka Belitung pada 2025?,"4,46% - 5,10%"
"Berdasarkan RKP 2025 target persentase kemiskinan di provinsi Kepulauan Bangka Belitung pada 2025 adalah 2,92% - 3,92%.",Berapa target persentase kemiskinan di Provinsi Kepulauan Bangka Belitung pada 2025?,"2,92% - 3,92%"
"Berdasarkan RKP 2025 target tingkat pengangguran terbuka (TPT) di provinsi Kepulauan Bangka Belitung pada 2025 adalah 3,98% - 4,33%.",Berapa target Tingkat Pengangguran Terbuka (TPT) di Provinsi Kepulauan Bangka Belitung pada 2025?,"3,98% - 4,33%"
"Berdasarkan RKP 2025 target indeks modal manusia (IMM) di provinsi Kepulauan Bangka Belitung pada 2025 adalah 0,54.",Berapa target Indeks Modal Manusia (IMM) di Provinsi Kepulauan Bangka Belitung pada 2025?,"0,54"
"Berdasarkan RKP 2025 target rasio gini di provinsi Kepulauan Bangka Belitung pada 2025 adalah 0,239 - 0,242.",Berapa target Rasio Gini di Provinsi Kepulauan Bangka Belitung pada 2025?,"0,239 - 0,242"
"Berdasarkan RKP 2025 target intensitas emisi gas rumah kaca (GRK) di provinsi Kepulauan Bangka Belitung pada 2025 adalah 54,55.",Berapa target Intensitas Emisi Gas Rumah Kaca (GRK) di Provinsi Kepulauan Bangka Belitung pada 2025?,"54,55"
"Berdasarkan RKP 2025 target laju pertumbuhan ekonomi (LPE) di provinsi kepulauan Riau pada 2025 adalah 5,25% - 5,53%.",Berapa target Laju Pertumbuhan Ekonomi (LPE) di Provinsi Kepulauan Riau pada 2025?,"5,25% - 5,53%"
"Berdasarkan RKP 2025 target persentase kemiskinan di provinsi kepulauan Riau pada 2025 adalah 4,4% - 4,9%.",Berapa target persentase kemiskinan di Provinsi Kepulauan Riau pada 2025?,"4,4% - 4,9%"
"Berdasarkan RKP 2025 target tingkat pengangguran terbuka (TPT) di provinsi kepulauan Riau pada 2025 adalah 6,08% - 6,47%.",Berapa target Tingkat Pengangguran Terbuka (TPT) di Provinsi Kepulauan Riau pada 2025?,"6,08% - 6,47%"
"Berdasarkan RKP 2025 target indeks modal manusia (IMM) di provinsi kepulauan Riau pada 2025 adalah 0,60.",Berapa target Indeks Modal Manusia (IMM) di Provinsi Kepulauan Riau pada 2025?,"0,60"
"Berdasarkan RKP 2025 target rasio gini di provinsi kepulauan Riau pada 2025 adalah 0,321 - 0,334.",Berapa target Rasio Gini di Provinsi Kepulauan Riau pada 2025?,"0,321 - 0,334"
"Berdasarkan RKP 2025 target intensitas emisi gas rumah kaca (GRK) di provinsi kepulauan Riau pada 2025 adalah 1,00.",Berapa target Intensitas Emisi Gas Rumah Kaca (GRK) di Provinsi Kepulauan Riau pada 2025?,"1,00"
"Berdasarkan RKP 2025 target Laju Pertumbuhan Ekonomi (LPE) Aceh tahun 2025 adalah 4,28% - 4,51%",Berapa target Laju Pertumbuhan Ekonomi (LPE) Aceh tahun 2025?,"4,28% - 4,51%"
Berdasarkan RKP 2025  target Persentase Kemiskinan Aceh tahun 2025 adalah 12% - 13%,Berapa target Persentase Kemiskinan Aceh tahun 2025?,12% - 13%
"Berdasarkan RKP 2025 target Tingkat Pengangguran Terbuka (TPT) Aceh tahun 2025 adalah 4,60% - 5,28%",Berapa target Tingkat Pengangguran Terbuka (TPT) Aceh tahun 2025?,"4,60% - 5,28%"
"Berdasarkan RKP 2025  target Indeks Modal Manusia (IMM) Aceh tahun 2025 adalah 0,55",Berapa target Indeks Modal Manusia (IMM) Aceh tahun 2025?,"0,55"
"Berdasarkan RKP 2025 target berapa target rasio gini aceh tahun 2025 adalah 0,290 - 0,293.",Berapa target Rasio Gini Aceh tahun 2025?,"0,290 - 0,293"
"Berdasarkan RKP 2025 target berapa target intensitas emisi gas rumah kaca (GRK) aceh tahun 2025 adalah 36,08.",Berapa target Intensitas Emisi Gas Rumah Kaca (GRK) Aceh tahun 2025?,"36,08"
"Berdasarkan RKP 2025 target apa target laju pertumbuhan ekonomi (LPE) Sumatra Utara pada tahun 2025 adalah 5,2 - 5,4.",Apa target laju pertumbuhan ekonomi (LPE) Sumatra Utara pada tahun 2025?,"5,2 - 5,4"
"Berdasarkan RKP 2025 target berapa persentase kemiskinan yang ditargetkan di Sumatra Utara pada tahun 2025 adalah 6,96 - 7,46.",Berapa persentase kemiskinan yang ditargetkan di Sumatra Utara pada tahun 2025?,"6,96% - 7,46%"
"Berdasarkan RKP 2025 target apa target tingkat pengangguran terbuka (TPT) Sumatra Utara pada tahun 2025 adalah 5,27 - 5,56.",Apa target tingkat pengangguran terbuka (TPT) Sumatra Utara pada tahun 2025?,"5,27% - 5,56%"
"Berdasarkan RKP 2025 target berapa target indeks modal manusia (IMM) Sumatra Utara pada tahun 2025 adalah 0,53.",Berapa target indeks modal manusia (IMM) Sumatra Utara pada tahun 2025?,"0,53"
"Berdasarkan RKP 2025 target berapa target rasio gini di Sumatra Utara pada tahun 2025 adalah 0,303 - 0,305.",Berapa target rasio Gini di Sumatra Utara pada tahun 2025?,"0,303 - 0,305"
"Berdasarkan RKP 2025 target apa target intensitas emisi gas rumah kaca (GRK) di Sumatra Utara pada tahun 2025 adalah 1,00.",Apa target intensitas emisi gas rumah kaca (GRK) di Sumatra Utara pada tahun 2025?,"1,00"
"Berdasarkan RKP 2025 target apa target laju pertumbuhan ekonomi (LPE) Sumatra Barat pada tahun 2025 adalah 4,69 - 5,19.",Apa target laju pertumbuhan ekonomi (LPE) Sumatra Barat pada tahun 2025?,"4,69% - 5,19%"
"Berdasarkan RKP 2025 target berapa persentase kemiskinan yang ditargetkan di Sumatra Barat pada tahun 2025 adalah 4,50 - 5,10.",Berapa persentase kemiskinan yang ditargetkan di Sumatra Barat pada tahun 2025?,"4,50% - 5,10%"
"Berdasarkan RKP 2025 target apa target tingkat pengangguran terbuka (TPT) Sumatra Barat pada tahun 2025 adalah 5,37 - 5,76.",Apa target tingkat pengangguran terbuka (TPT) Sumatra Barat pada tahun 2025?,"5,37% - 5,76%"
"Berdasarkan RKP 2025 target berapa target indeks modal manusia (IMM) Sumatra Barat pada tahun 2025 adalah 0,57.",Berapa target indeks modal manusia (IMM) Sumatra Barat pada tahun 2025?,"0,57"
"Berdasarkan RKP 2025 target berapa target rasio gini di Sumatra Barat pada tahun 2025 adalah 0,274 - 0,279.",Berapa target rasio Gini di Sumatra Barat pada tahun 2025?,"0,274 - 0,279"
"Berdasarkan RKP 2025 target apa target intensitas emisi gas rumah kaca (GRK) di Sumatra Barat pada tahun 2025 adalah 52,62.",Apa target intensitas emisi gas rumah kaca (GRK) di Sumatra Barat pada tahun 2025?,"52,62"
