question,answer
Apa tujuan utama dari penguatan kebebasan masyarakat sipil?,"Untuk memperkuat kebebasan berkumpul, berekspresi, berserikat, dan berpendapat."
Apa fokus dari penyehatan media arus utama?,Meningkatkan kapasitas lembaga dan insan pers serta memastikan media yang sehat dan independen.
Apa yang dimaksud dengan transformasi pengarusutamaan HAM?,Upaya memastikan hak asasi manusia menjadi arus utama dalam kebijakan dan praktik di berbagai sektor.
Mengapa penting meningkatkan kualitas dan kuantitas kegiatan bantuan hukum?,Untuk meningkatkan akses dan kualitas bantuan hukum bagi masyarakat yang membutuhkan.
Apa fokus utama dari peningkatan layanan perlindungan dan pemulihan saksi dan korban?,Meningkatkan layanan perlindungan serta pemulihan bagi saksi dan korban kejahatan.
Bagaimana penguatan kebebasan masyarakat sipil dapat berkontribusi pada demokrasi?,Meningkatkan partisipasi masyarakat dalam proses demokrasi dan menjaga hak-hak dasar warga negara.
Apa tantangan utama dalam penyehatan media arus utama?,"Tekanan politik dan ekonomi, serta kebutuhan untuk menjaga independensi dan kualitas jurnalisme."
Bagaimana kebijakan transformasi pengarusutamaan HAM diterapkan di sektor pendidikan?,Melalui kurikulum yang memasukkan nilai-nilai HAM dan pelatihan bagi tenaga pendidik.
Apa peran pemerintah dalam peningkatan kualitas bantuan hukum?,"Menyediakan dana, pelatihan, dan regulasi yang mendukung penyediaan bantuan hukum yang efektif."
Bagaimana cara meningkatkan kualitas layanan pemulihan bagi korban kejahatan?,"Melalui pelatihan profesional, peningkatan fasilitas, dan pendanaan yang memadai."
Apa fokus utama penguatan kapabilitas pertahanan?,"Fokus pada CBRNE, doktrin, postur, dan operasi lintas medan."
Apa yang dimaksud dengan transformasi tata kelola industri pertahanan?,Menerapkan skema spend to invest.
Apa tujuan dari penguatan intelijen dan kontra intelijen?,"Meningkatkan kemampuan dalam mengumpulkan, menganalisis, dan melindungi informasi strategis."
Di mana pengawasan dan pemeliharaan keamanan laut difokuskan?,Di ALKI dan choke points.
"Apa yang dimaksud dengan operasi keamanan siber, sandi, dan sinyal strategis?",Operasi untuk melindungi informasi digital dan komunikasi strategis.
Bagaimana cara pencegahan dan penanganan terorisme dilakukan?,"Melalui tindakan pencegahan, intelijen, dan operasi penegakan hukum."
Apa tujuan dari diplomasi kedaulatan?,Memperkuat posisi Indonesia dalam hubungan internasional dan melindungi kepentingan nasional.
Bagaimana Indonesia berkontribusi dalam penjagaan stabilitas global?,Melalui partisipasi dalam misi perdamaian dan kerja sama internasional.
Apa yang dimaksud dengan penguatan kepemimpinan dan pengaruh Indonesia?,Meningkatkan peran dan pengaruh Indonesia dalam forum regional dan internasional.
Bagaimana cara penguatan postur kelembagaan diplomasi dilakukan?,Melalui peningkatan kapasitas dan reformasi kelembagaan diplomasi.
Wilayah mana saja yang menjadi prioritas pengembangan kawasan sentra produksi pangan?,"Kalimantan Tengah, Sumatra Utara, Sumatra Selatan, Nusa Tenggara Timur, Papua, dan Papua Selatan."
"Apa tujuan dari pengembangan pangan akut, hewani, dan nabati?",Meningkatkan produksi dan ketersediaan pangan yang beragam dan berkualitas.
Mengapa penguatan cadangan pangan penting?,Untuk memastikan ketersediaan pangan dalam situasi darurat dan menjaga stabilitas harga pangan.
Bagaimana penjaminan mutu dan keamanan pangan dilakukan?,"Melalui pengawasan ketat, sertifikasi, dan inspeksi produk pangan."
"Wilayah mana saja yang menjadi prioritas pengembangan pangan lokal seperti sagu, umbi-umbian, dan sorgum?","Sagu: Papua, Kepulauan Riau, Bangka Belitung, Sulawesi Utara, Maluku. Umbi-umbian: Papua, Lampung, Jawa Tengah, Jawa Timur. Sorgum: Nusa Tenggara Timur."
Apa yang dimaksud dengan penguatan tata kelola dan kelembagaan air minum?,Meningkatkan manajemen dan kapasitas institusi yang mengelola air minum.
Apa yang dimaksud dengan penguatan ekosistem dan infrastruktur digital?,Digitalisasi sektor ekonomi dan strategis serta peningkatan keamanan ruang digital.
Wilayah mana saja yang menjadi fokus pengembangan industri perikanan yang modern?,"Sulawesi Utara, Maluku, Jawa Timur, Sulawesi Selatan, NTT."
"Apa tujuan penguatan sistem transportasi, logistik, dan perdagangan jalur perairan?",Meningkatkan efisiensi dan kapasitas transportasi serta mendukung perdagangan maritim.
Di mana saja kawasan konservasi perairan yang menjadi fokus pengelolaan?,"NTB, NTT, Sulawesi Tengah, Sulawesi Selatan, Sulawesi Tenggara, Sulawesi Utara, Gorontalo, Maluku, Maluku Utara, Papua Barat, Papua Barat Daya."
Apa yang dimaksud dengan pengembangan industri halal dan ekspor halal?,Meningkatkan produksi dan daya saing produk halal di pasar internasional.
Apa tujuan dari pengembangan energi terbarukan dan pengurangan emisi?,Mengurangi ketergantungan pada energi fosil dan menurunkan emisi gas rumah kaca.
Wilayah mana saja yang menjadi sentra produksi pangan di Sumatra Utara?,"Provinsi Sumatra Utara, Kab. Humbang Hasundutan, Kab. Phakphak Bharat, Kab. Tapanuli Utara, Kab. Tapanuli Tengah."
Wilayah mana saja yang menjadi sentra produksi pangan di Sumatra Selatan?,"Provinsi Sumatra Selatan, Kab. Banyuasin."
Wilayah mana saja yang menjadi sentra produksi pangan di Nusa Tenggara Timur?,"Provinsi Nusa Tenggara Timur, Kab. Sumba Tengah, Kab. Belu."
Wilayah mana saja yang menjadi sentra produksi pangan di Papua?,"Provinsi Papua, Kab. Keerom."
Wilayah mana saja yang menjadi sentra produksi pangan di Papua Selatan?,"Provinsi Papua Selatan, Kab. Merauke."
Apa yang dimaksud dengan pengembangan pangan akuatik?,Meningkatkan produksi dan diversifikasi pangan berbasis perikanan.
Apa yang dimaksud dengan pengembangan pangan hewani?,Meningkatkan produksi dan diversifikasi pangan berbasis hewan ternak.
Apa yang dimaksud dengan pengembangan pangan nabati?,Meningkatkan produksi dan diversifikasi pangan berbasis tanaman.
Mengapa penting untuk memperkuat cadangan pangan?,Untuk memastikan ketahanan pangan nasional dan mengatasi krisis pangan.
Bagaimana cara memastikan mutu dan keamanan pangan?,"Melalui sertifikasi, inspeksi, dan pengawasan ketat."
Wilayah mana saja yang menjadi fokus pengembangan pangan lokal?,"Sagu: Papua, Kepulauan Riau, Bangka Belitung, Sulawesi Utara, Maluku. Umbi-umbian: Papua, Lampung, Jawa Tengah, Jawa Timur. Sorgum: NTT."
Apa yang dimaksud dengan penguatan satu data pangan?,Mengintegrasikan data pangan dari berbagai sumber untuk perencanaan dan pengambilan keputusan yang lebih baik.
Mengapa peningkatan produktivitas hutan penting?,Untuk memastikan kelestarian hutan dan meningkatkan kontribusi ekonomi dari sektor kehutanan.
Apa tujuan pengembangan produk bioekonomi hutan melalui agroforestri?,Meningkatkan nilai tambah produk hutan dan mendukung keberlanjutan lingkungan.
Bagaimana cara penguatan pengelolaan hutan lestari dilakukan?,"Melalui pengawasan ketat, perencanaan yang baik, dan pelibatan masyarakat lokal."
Apa yang dimaksud dengan pemulihan ekosistem yang terdegradasi?,Upaya memperbaiki dan mengembalikan fungsi ekosistem yang rusak.
Mengapa pemulihan luas lahan mangrove penting?,"Mangrove berperan dalam perlindungan pantai, penyimpanan karbon, dan habitat bagi keanekaragaman hayati."
Bagaimana cara menyediakan pasokan air berkelanjutan?,Melalui manajemen sumber daya air yang efektif dan pembangunan infrastruktur yang memadai.
Apa yang dimaksud dengan rehabilitasi hutan dan lahan?,Upaya memperbaiki hutan dan lahan yang rusak untuk memulihkan fungsi ekologis dan ekonomisnya.
Mengapa penting untuk memulihkan ekosistem danau dan mata air?,Untuk menjaga sumber air bersih dan keberlanjutan ekosistem air tawar.
Apa yang dimaksud dengan penyediaan data dan informasi DAS?,Pengumpulan dan penyebaran informasi terkait Daerah Aliran Sungai untuk perencanaan dan pengelolaan yang lebih baik.
Bagaimana cara meningkatkan kapasitas kelembagaan dan partisipasi masyarakat dalam pengelolaan DAS?,"Melalui pelatihan, pendidikan, dan pemberdayaan komunitas lokal."
Apa tujuan peningkatan pengelolaan kualitas udara di kabupaten/kota di Indonesia?,Untuk mengurangi polusi udara dan meningkatkan kesehatan masyarakat.
"Bagaimana cara meningkatkan pengelolaan emisi udara dari industri, prasarana, dan jasa?","Melalui regulasi ketat, teknologi bersih, dan pengawasan yang konsisten."
Mengapa penting untuk meningkatkan kualitas lahan?,Untuk mendukung produktivitas pertanian dan keberlanjutan lingkungan.
Bagaimana cara menurunkan laju deforestasi?,"Melalui penegakan hukum, reboisasi, dan peningkatan kesadaran masyarakat."
Apa yang dimaksud dengan peningkatan kualitas ekosistem gambut?,Upaya memperbaiki dan menjaga ekosistem gambut untuk mencegah kebakaran dan mendukung keanekaragaman hayati.
Apa yang dimaksud dengan pengelolaan B3 dan limbah B3?,Pengelolaan bahan berbahaya dan beracun serta limbahnya untuk mencegah dampak negatif terhadap lingkungan dan kesehatan manusia.
Apa tujuan dari pengawasan dan pengamanan lingkungan hidup dan kehutanan?,Melindungi lingkungan dan hutan dari kerusakan dan pelanggaran hukum.
Bagaimana cara mengendalikan dan menertibkan penyelesaian kasus penegakan hukum lingkungan hidup dan kehutanan?,"Melalui proses hukum yang transparan, adil, dan penegakan regulasi yang ketat."
"Mengapa penting untuk meningkatkan sarana, prasarana, dan kelembagaan dalam penegakan hukum lingkungan?",Untuk memastikan efektivitas penegakan hukum dan perlindungan lingkungan yang lebih baik.
Apa yang dimaksud dengan penguatan perencanaan perlindungan dan pengelolaan lingkungan hidup?,Penyusunan rencana yang komprehensif dan terkoordinasi untuk menjaga dan mengelola lingkungan hidup.
Bagaimana cara menguatkan instrumen pencegahan dalam perlindungan dan pengelolaan lingkungan hidup?,"Melalui regulasi, teknologi pencegahan polusi, dan kampanye kesadaran lingkungan."
Apa yang dimaksud dengan pengembangan SPAM terintegrasi hulu ke hilir?,Pembangunan sistem penyediaan air minum yang mencakup seluruh rantai pasokan dari sumber hingga pengguna akhir.
Bagaimana cara memastikan kualitas air minum?,"Melalui pengawasan rutin, pengujian laboratorium, dan pengolahan air yang sesuai standar."
Mengapa penting untuk menguatkan tata kelola dan kapasitas kelembagaan air minum?,Untuk memastikan ketersediaan dan kualitas air minum yang berkelanjutan bagi masyarakat.
Bagaimana cara meningkatkan peran masyarakat dalam pemenuhan air minum?,"Melalui pendidikan, partisipasi aktif dalam pengelolaan sumber daya air, dan peningkatan kesadaran akan pentingnya air bersih."
"Apa yang dimaksud dengan penyediaan dan pengawasan sanitasi yang aman, berkelanjutan, dan berketahanan iklim?","Pembangunan dan pengelolaan sistem sanitasi yang aman, efisien, dan tahan terhadap perubahan iklim."
Bagaimana cara menguatkan tata kelola penyelenggaraan sanitasi yang berorientasi pada keberlanjutan dan ketahanan iklim?,"Melalui kebijakan, regulasi, dan kerangka kerja yang mendukung sanitasi yang aman dan berkelanjutan."
Apa tujuan dari penyusunan dan penerapan pengaturan untuk mendukung penyelenggaraan sanitasi yang aman dan berkelanjutan?,Meningkatkan akses masyarakat terhadap sanitasi yang layak dan mengurangi dampak lingkungan.
Bagaimana cara mengembangkan ekosistem berbasis inovasi penyelenggaraan sanitasi?,"Melalui pengembangan teknologi baru, kolaborasi dengan sektor swasta, dan peningkatan kapasitas institusi."
Bagaimana cara meningkatkan peran masyarakat dalam penyediaan dan penyelenggaraan sanitasi yang aman?,"Melalui pendidikan, pelibatan aktif dalam program sanitasi, dan pemberdayaan komunitas."
Apa yang dimaksud dengan pembangunan dan pengelolaan infrastruktur tampungan air?,"Pembangunan waduk, bendungan, dan sistem penyimpanan air lainnya untuk mengatasi kekurangan air."
Bagaimana cara menyediakan pasokan air berkelanjutan?,"Melalui manajemen sumber daya air yang baik, pengembangan infrastruktur, dan konservasi air."
Bagaimana cara mengelola risiko daya rusak air?,"Melalui mitigasi bencana, pengelolaan banjir, dan peningkatan infrastruktur penahan air."
Apa yang dimaksud dengan penyempurnaan tata kelola infrastruktur sumber daya air?,Perbaikan manajemen dan regulasi infrastruktur air untuk efisiensi dan keberlanjutan.
Bagaimana cara meningkatkan penyediaan dan layanan BBM?,"Melalui peningkatan produksi, distribusi yang efisien, dan pengawasan kualitas."
Bagaimana cara meningkatkan penyediaan dan layanan gas bumi?,"Melalui pembangunan infrastruktur gas, peningkatan distribusi, dan regulasi yang mendukung."
Mengapa penting untuk meningkatkan cadangan dan produktivitas energi?,Untuk memastikan ketahanan energi dan mendukung pertumbuhan ekonomi.
Bagaimana cara meningkatkan investasi dan pembiayaan transisi energi?,"Melalui insentif fiskal, kemudahan regulasi, dan kerja sama dengan sektor swasta."
Apa yang dimaksud dengan penyiapan regulasi energi baru?,Penyusunan peraturan yang mendukung pengembangan dan penggunaan energi terbarukan.
Bagaimana cara penuntasan dan peningkatan kualitas infrastruktur TIK dilakukan?,"Melalui pembangunan jaringan telekomunikasi, peningkatan kapasitas, dan peningkatan akses internet."
Mengapa penting untuk menguatkan SDM digital?,Untuk mendukung transformasi digital dan meningkatkan daya saing ekonomi.
Apa yang dimaksud dengan digitalisasi sektor ekonomi?,Penggunaan teknologi digital untuk meningkatkan efisiensi dan produktivitas sektor ekonomi.
Bagaimana cara digitalisasi sektor strategis dilakukan?,"Melalui implementasi teknologi digital dalam sektor-sektor penting seperti kesehatan, pendidikan, dan pemerintahan."
Mengapa riset dalam rangka penguasaan teknologi penting?,Untuk mendorong inovasi dan menjaga daya saing teknologi nasional.
Bagaimana cara meningkatkan keamanan dan kondusifitas ruang digital?,"Melalui regulasi keamanan siber, pendidikan keamanan digital, dan kolaborasi dengan sektor swasta."
Apa tujuan pengembangan dan pemanfaatan teknologi digital di pemerintahan?,"Meningkatkan efisiensi, transparansi, dan pelayanan publik melalui teknologi seperti AI, Blockchain, dan Metaverse."
"Wilayah mana saja yang menjadi fokus pengembangan industri perikanan yang modern, terintegrasi, dan berkelanjutan?","Sulawesi Utara, Maluku, Jawa Timur, Sulawesi Selatan, NTT."
Apa yang dimaksud dengan penguatan industri manufaktur berbasis kelautan?,Meningkatkan kapasitas produksi dan kualitas industri perkapalan dan garam.
"Bagaimana cara penguatan sistem transportasi, logistik, dan perdagangan jalur perairan dilakukan?","Melalui pembangunan infrastruktur pelabuhan, peningkatan kapal logistik, dan penguatan jaringan distribusi."
Apa tujuan pengembangan destinasi pariwisata berbasis bahari dan danau?,"Meningkatkan daya tarik wisata, mendukung ekonomi lokal, dan menjaga kelestarian lingkungan."
Bagaimana cara mengelola kawasan konservasi perairan?,"Melalui perlindungan habitat, regulasi pemanfaatan sumber daya laut, dan edukasi masyarakat."
Apa yang dimaksud dengan rehabilitasi ekosistem karbon biru?,Upaya memperbaiki ekosistem mangrove dan lamun untuk menyimpan karbon dan mendukung biodiversitas.
Bagaimana cara pengelolaan sampah laut di wilayah pesisir dan pulau-pulau kecil?,"Melalui program pembersihan, pengelolaan limbah, dan peningkatan kesadaran masyarakat."
Mengapa penting untuk menguatkan industri halal?,Untuk meningkatkan daya saing produk halal dan memenuhi permintaan pasar global yang semakin meningkat.
Bagaimana cara menguatkan ekspor halal dan kerja sama ekonomi syariah internasional?,"Melalui promosi produk halal, perjanjian perdagangan, dan peningkatan standar kualitas produk."
Apa yang dimaksud dengan penguatan ekosistem UMKM halal?,"Meningkatkan akses UMKM ke pasar halal, memberikan pelatihan, dan mendukung sertifikasi halal."
Bagaimana cara menguatkan keuangan syariah?,"Melalui pengembangan produk keuangan syariah, regulasi yang mendukung, dan peningkatan literasi keuangan"
Apa tujuan utama penguatan infrastruktur dan layanan konektivitas?,Meningkatkan kualitas dan aksesibilitas infrastruktur serta layanan konektivitas di seluruh wilayah Indonesia.
Wilayah mana saja yang menjadi fokus program Buy The Service angkutan umum massal berbasis jalan?,"Sumatra Selatan, Jawa Tengah, DI Yogyakarta, Bali, Jawa Barat, Jawa Timur, Sulawesi Selatan, Kalimantan Timur."
Apa yang dimaksud dengan pengembangan angkutan umum massal perkotaan (BRT)?,Pengembangan sistem angkutan umum massal di perkotaan melalui Bus Rapid Transit (BRT).
Di mana lokasi proyek jalan tol Bukittinggi - Padang Panjang - Lubuk Alung - Padang?,Sumatra Barat.
Apa tujuan pembangunan jalan tol Jambi - Rengat?,Mendukung konektivitas regional di wilayah Jambi dan Riau.
Apa manfaat pembangunan jalan tol Yogyakarta - Bawen?,Meningkatkan aksesibilitas antara Yogyakarta dan Bawen.
Apa yang dimaksud dengan proyek jalan tol Solo - Yogyakarta?,Pembangunan jalan tol untuk memperlancar arus lalu lintas antara Solo dan Yogyakarta.
Apa tujuan pembangunan jalan tol akses Pelabuhan Patimban?,Meningkatkan aksesibilitas ke Pelabuhan Patimban.
Apa yang dimaksud dengan proyek New Priok Eastern Access (NPEA)?,Pengembangan akses baru untuk Pelabuhan Tanjung Priok guna meningkatkan kapasitas dan efisiensi logistik.
Apa tujuan pengembangan jalur kereta regional di Surabaya (Phase 1)?,Mendukung mobilitas dan transportasi di wilayah Surabaya.
Apa yang dimaksud dengan integrasi layanan usaha?,Mengintegrasikan berbagai layanan usaha untuk meningkatkan efisiensi dan kemudahan berbisnis.
Mengapa penting mengembangkan dan memelihara basis data tunggal untuk koperasi dan UMKM?,Untuk mendukung perencanaan dan pengembangan usaha.
Apa tujuan dari program inkubasi dan pendampingan wirausaha inklusif dan berkelanjutan?,Agar wirausaha dapat berkembang secara inklusif dan berkelanjutan.
Apa yang dimaksud dengan formalisasi usaha serta standardisasi dan sertifikasi produk?,Mendorong formalisasi usaha dan memastikan produk usaha memiliki standar dan sertifikasi yang sesuai.
Mengapa penting untuk meningkatkan kapasitas kelembagaan dan bisnis koperasi?,Untuk mendukung pertumbuhan ekonomi lokal.
Apa tujuan dari pengembangan koperasi sektor produksi skala besar?,Mendorong pengembangan koperasi di sektor produksi yang memiliki skala besar.
Wilayah mana saja yang menjadi fokus penguatan ekosistem pemampu ekonomi kreatif?,"Sumatra Utara, Kepulauan Riau, Sumatra Barat, Banten, DKI Jakarta, Jawa Barat, Jawa Tengah, DI Yogyakarta, Jawa Timur, Bali, Kalimantan Timur, Sulawesi Selatan."
"Apa yang dimaksud dengan penguatan ekosistem film, animasi, dan seni visual?","Mendukung pengembangan ekosistem di bidang film, animasi, dan seni visual."
"Apa tujuan dari penguatan ekosistem seni, budaya, dan kerajinan?","Meningkatkan ekosistem yang mendukung seni, budaya, dan kerajinan."
Bagaimana cara mendukung penguatan ekosistem pengembangan aplikasi dan gim?,Mendukung ekosistem pengembangan aplikasi dan gim untuk mendorong inovasi digital.
Apa yang dimaksud dengan penguatan ekosistem kuliner?,Meningkatkan ekosistem kuliner untuk mendukung ekonomi lokal dan pariwisata.
Wilayah mana saja yang menjadi fokus penguatan destinasi regeneratif?,"Bali, Kepulauan Riau, Jabodetabekjur."
Apa tujuan dari penyelesaian destinasi pariwisata prioritas?,"Meningkatkan daya tarik wisata di destinasi pariwisata prioritas seperti Danau Toba, Borobudur, Lombok, Labuan Bajo, Manado."
Wilayah mana saja yang menjadi fokus pengembangan destinasi pariwisata prioritas?,"Bromo-Tengger-Semeru, Raja Ampat, Wakatobi, Bangka-Belitung, Morotai."
Apa tujuan dari pengembangan klaster pariwisata di Ibu Kota Nusantara?,Mendukung pengembangan klaster pariwisata di Ibu Kota Nusantara.
Mengapa penting untuk menyelesaikan dan meningkatkan kualitas infrastruktur teknologi informasi dan komunikasi?,Untuk mendukung perkembangan digital di seluruh provinsi.
Apa tujuan dari peningkatan kapasitas sisi pasokan industri digital?,Meningkatkan kapasitas industri digital untuk memenuhi permintaan pasar.
Apa yang dimaksud dengan digitalisasi sektor ekonomi?,Mendukung digitalisasi sektor ekonomi untuk meningkatkan efisiensi dan daya saing.
Bagaimana cara mendukung digitalisasi sektor strategis?,Mendukung digitalisasi sektor-sektor strategis untuk memperkuat perekonomian nasional.
Wilayah mana yang menjadi fokus pembangunan kelapa dalam dan industrinya?,Papua Barat.
Mengapa penting untuk memperluas akses dan inovasi pembiayaan?,Untuk mendukung pertumbuhan ekonomi dengan menyediakan sumber daya keuangan yang lebih luas dan inovatif.
Bagaimana cara memperkuat peran perbankan dalam perekonomian nasional?,Meningkatkan peran perbankan dalam mendukung perekonomian nasional melalui kebijakan dan layanan keuangan.
Apa yang dimaksud dengan penguatan peran sektor keuangan nonbank?,Mendukung pengembangan sektor keuangan nonbank untuk memperluas akses keuangan.
Mengapa penting untuk meningkatkan inklusi dan literasi keuangan?,Untuk memberdayakan masyarakat secara finansial dan mendukung stabilitas ekonomi.
Apa tujuan dari penguatan infrastruktur dan layanan konektivitas di seluruh provinsi?,Meningkatkan kualitas hidup dan aksesibilitas bagi seluruh masyarakat Indonesia.
Bagaimana pengembangan angkutan umum massal berbasis jalan mendukung mobilitas masyarakat?,Dengan menyediakan layanan angkutan umum yang efisien dan terjangkau di wilayah-wilayah tertentu.
Apa manfaat dari pengembangan sistem Bus Rapid Transit (BRT) di perkotaan?,Meningkatkan efisiensi transportasi dan mengurangi kemacetan di kota-kota besar.
Mengapa pembangunan jalan tol penting untuk wilayah Sumatra Barat?,Untuk meningkatkan konektivitas dan mempercepat pertumbuhan ekonomi regional.
Bagaimana jalan tol Jambi - Rengat mendukung konektivitas di wilayah Jambi dan Riau?,Dengan menyediakan akses jalan yang lebih cepat dan efisien antara kedua wilayah tersebut.
Apa dampak positif dari pembangunan jalan tol Yogyakarta - Bawen?,Meningkatkan aksesibilitas dan mengurangi waktu perjalanan antara kedua wilayah.
Mengapa jalan tol Solo - Yogyakarta penting untuk dibangun?,Untuk memperlancar arus lalu lintas dan mendukung perkembangan ekonomi di kedua wilayah.
Bagaimana pembangunan jalan tol akses Pelabuhan Patimban mendukung logistik?,"Dengan meningkatkan aksesibilitas ke pelabuhan, sehingga mempercepat distribusi barang."
Apa tujuan dari pengembangan akses baru untuk Pelabuhan Tanjung Priok?,Meningkatkan kapasitas dan efisiensi logistik di pelabuhan utama Indonesia.
Bagaimana pengembangan jalur kereta regional di Surabaya mendukung mobilitas?,Dengan menyediakan alternatif transportasi yang efisien dan mengurangi kemacetan jalan raya.
Apa manfaat dari integrasi layanan usaha di seluruh provinsi?,Meningkatkan efisiensi dan kemudahan berbisnis bagi para pelaku usaha.
Mengapa penting mengembangkan basis data tunggal untuk koperasi dan UMKM?,Untuk memberikan informasi yang akurat dan mendukung pengambilan keputusan yang lebih baik.
Apa yang dimaksud dengan wirausaha inklusif dan berkelanjutan?,Wirausaha yang mampu berkembang dengan melibatkan berbagai pihak dan menjaga keberlanjutan usaha.
Bagaimana standardisasi dan sertifikasi produk membantu usaha kecil?,Dengan memastikan produk memenuhi standar kualitas dan meningkatkan daya saing di pasar.
Apa yang dimaksud dengan peningkatan kapasitas kelembagaan koperasi?,Upaya untuk memperkuat struktur organisasi dan kemampuan bisnis koperasi agar lebih efektif dan efisien.
Mengapa penting untuk mengembangkan koperasi di sektor produksi skala besar?,Untuk meningkatkan efisiensi produksi dan daya saing produk di pasar domestik dan internasional.
Apa tujuan utama pelaksanaan wajib belajar 13 tahun?,Menguatkan layanan pra sekolah dan mempercepat wajib belajar 12 tahun.
Bagaimana cara menguatkan layanan pra sekolah?,Melalui peningkatan kualitas dan aksesibilitas pendidikan TK/RA/BA.
Apa yang dimaksud dengan restrukturisasi kewenangan pengelolaan guru?,"Reformasi LPTK, penguatan PPG, peningkatan kompetensi guru, dan kualitas pendidikan inklusif."
Apa manfaat dari peningkatan kompetensi guru?,Meningkatkan kualitas pengajaran dan hasil belajar siswa.
Mengapa penting untuk mengembangkan pembelajaran berbasis teknologi digital?,Untuk meningkatkan efektivitas dan aksesibilitas pembelajaran.
Bagaimana cara meningkatkan penggunaan teknologi digital dalam pembelajaran?,Melalui penyediaan infrastruktur dan pelatihan untuk guru dan siswa.
Apa tujuan dari perluasan program pendidikan formal dan non-formal?,"Untuk mendukung pendidikan pekerja, komunitas seni, olahragawan, dan penyandang disabilitas."
Apa yang dimaksud dengan bantuan pendidikan prestasi dan afirmasi?,"Program beasiswa untuk siswa berprestasi dan afirmasi bagi yang membutuhkan, termasuk atlet dan seniman."
Mengapa pengembangan budaya literasi penting?,Untuk mendukung kreativitas dan inovasi melalui akses bahan bacaan berkualitas.
Bagaimana cara meningkatkan kegemaran membaca?,Melalui transformasi perpustakaan berbasis inklusi sosial dan penguatan akses bahan bacaan.
Apa tujuan pemenuhan layanan pendidikan pesantren yang berkualitas?,Untuk mendukung pendidikan pesantren dan pendidikan keagamaan lainnya.
Apa yang dimaksud dengan penguatan kualitas dan relevansi pendidikan vokasi?,Berbasis industri dan keunggulan wilayah untuk meningkatkan kualitas pendidikan vokasi.
Bagaimana cara meningkatkan keahlian tenaga kerja?,Melalui pelatihan dan peningkatan kompetensi tenaga kerja.
Mengapa penting untuk meningkatkan mobilitas dan perlindungan tenaga kerja?,Untuk mendukung mobilitas tenaga kerja dan melindungi hak-hak mereka.
Apa tujuan penciptaan ekosistem satuan pendidikan yang mendukung penguatan karakter peserta didik?,Untuk mendukung penguatan karakter peserta didik melalui lingkungan pendidikan yang kondusif.
Bagaimana cara penataan dan pembinaan kelembagaan perguruan tinggi dilakukan?,Untuk peningkatan kualitas dan penguatan bidang STEAM.
Apa yang dimaksud dengan penguatan perguruan tinggi sebagai pusat keunggulan iptek dan inovasi?,Berbasis kewilayahan dan berdaya saing untuk mendukung kemajuan iptek dan inovasi.
Bagaimana cara mengembangkan kapasitas lembaga penelitian dan pengabdian masyarakat?,Melalui dukungan penelitian dan program pengabdian masyarakat.
Apa yang dimaksud dengan pengembangan manajemen talenta nasional?,"Pengembangan talenta di bidang riset, inovasi, seni budaya, dan olahraga, termasuk pembangunan pusat pelatihan."
Apa tujuan optimalisasi pemanfaatan iptek dan inovasi?,Untuk meningkatkan pemanfaatan iptek dan inovasi secara masif di berbagai bidang.
Bagaimana cara menurunkan kematian ibu dan bayi?,Fokus pada daerah dengan angka kematian tinggi dan peningkatan layanan kesehatan ibu dan bayi.
Apa yang dimaksud dengan penurunan stunting?,Mengurangi prevalensi stunting pada anak-anak melalui program kesehatan dan gizi.
Bagaimana cara mengendalikan penyakit tuberkulosis?,Melalui pengendalian dan penurunan prevalensi penyakit tuberkulosis dengan program kesehatan.
Wilayah mana saja yang menjadi fokus eliminasi malaria?,"Aceh, Sumatra Utara, Sumatra Barat, Riau, Lampung, Jawa Tengah, Jawa Timur, NTB, NTT, Kalimantan, Sulawesi, Papua."
Apa yang dimaksud dengan eliminasi penyakit tropis terabaikan seperti kusta dan schistosomiasis?,Mengendalikan dan mengeliminasi penyakit tropis terabaikan di daerah endemis.
Bagaimana cara mengendalikan penyakit rabies?,"Fokus pada pengendalian rabies di Bali, NTT, Kalimantan Barat, Sumatra Utara, Sulawesi Utara, Sulawesi Selatan, dan Maluku."
Apa tujuan dari pengendalian penyakit tidak menular dan peningkatan upaya kesehatan jiwa?,Untuk mengendalikan penyakit tidak menular dan meningkatkan layanan kesehatan jiwa.
Bagaimana cara membudayakan hidup sehat dan penyehatan lingkungan?,"Melalui promosi gaya hidup sehat, peningkatan kesehatan lingkungan, dan olahraga."
Mengapa investasi dalam pelayanan kesehatan primer penting?,Untuk meningkatkan akses dan kualitas layanan kesehatan dasar bagi masyarakat.
Apa yang dimaksud dengan penguatan layanan unggulan dan pengembangan pelayanan kesehatan di daerah sulit akses?,Meningkatkan layanan kesehatan di daerah sulit akses untuk memastikan kesetaraan akses layanan kesehatan.
Bagaimana cara meningkatkan jaminan kesehatan nasional dan pendanaan kesehatan?,Melalui perluasan cakupan dan peningkatan pendanaan untuk sektor kesehatan.
Apa yang dimaksud dengan produksi dan pendayagunaan sumber daya manusia kesehatan?,Meningkatkan jumlah dan kualitas tenaga kesehatan serta pendayagunaannya di seluruh provinsi.
Bagaimana cara menyediakan layanan yang ramah anak?,Melalui penyediaan fasilitas dan program yang mendukung pemenuhan hak anak secara universal.
Apa tujuan dari penguatan resiliensi dan partisipasi anak secara bermakna?,Untuk meningkatkan ketahanan dan partisipasi aktif anak dalam berbagai kegiatan.
Mengapa penting untuk meningkatkan partisipasi aktif pemuda dalam ketenagakerjaan?,Untuk mendukung pengembangan karier dan kontribusi pemuda dalam dunia kerja.
Bagaimana cara melindungi anak dari tindak kekerasan dan perlakuan salah lainnya?,"Melalui program perlindungan anak dari kekerasan, eksploitasi, dan perkawinan anak."
"Apa tujuan dari peningkatan derajat kesehatan, penguatan karakter, dan pencegahan perilaku berisiko pada pemuda?","Untuk mendukung kesehatan, karakter, dan pencegahan perilaku berisiko pada pemuda."
Bagaimana cara menguatkan institusi keluarga dalam penanaman nilai-nilai positif?,"Melalui dukungan program-program yang membantu keluarga dalam menanamkan nilai-nilai, moral, dan karakter."
Apa yang dimaksud dengan penyediaan fasilitas pendukung keluarga?,Menyediakan fasilitas yang mendukung fungsi utama keluarga dalam pendidikan dan pengasuhan.
"Bagaimana cara mendukung keluarga tunggal, pasca perceraian, dan pekerja migran dalam fungsi pengasuhan?",Melalui program dan kebijakan yang membantu mereka dalam mengoptimalkan fungsi pengasuhan.
"Apa tujuan dari pemenuhan hak sipil, hukum, dan ekonomi keluarga serta afirmasi bagi keluarga rentan?",Untuk memastikan hak-hak keluarga terpenuhi dan memberikan dukungan khusus bagi keluarga rentan.
Bagaimana cara meningkatkan kapasitas dan kemandirian serta kepemimpinan perempuan?,Melalui pelatihan dan program pemberdayaan untuk meningkatkan peran dan kapasitas perempuan.
Apa yang dimaksud dengan peningkatan partisipasi aktif perempuan di ekonomi dan ketenagakerjaan?,Mendorong partisipasi perempuan dalam ekonomi dan ketenagakerjaan untuk kesetaraan gender.
Bagaimana cara memenuhi dan melindungi hak perempuan bebas dari kekerasan?,Melalui program perlindungan dan layanan untuk perempuan korban kekerasan.
Apa tujuan dari penguatan penyelenggaraan pengarusutamaan gender dalam proses pembangunan?,Untuk memastikan kesetaraan gender terintegrasi dalam setiap aspek pembangunan.
"Bagaimana cara menghormati, melindungi, dan memenuhi hak penyandang disabilitas dan lanjut usia?",Melalui kebijakan dan program yang mendukung inklusi sosial dan aksesibilitas bagi penyandang disabilitas dan lanjut usia.
Apa yang dimaksud dengan penguatan prinsip dan pendekatan inklusi sosial bagi penyandang disabilitas dan lanjut usia?,Mendorong inklusi sosial dalam proses pembangunan untuk penyandang disabilitas dan lanjut usia.
Bagaimana cara meningkatkan keterlibatan penyandang disabilitas dalam kegiatan sosial?,Melalui program inklusi sosial yang memungkinkan partisipasi aktif penyandang disabilitas.
Mengapa penting untuk memberikan perlindungan bagi keluarga rentan?,Untuk memastikan kesejahteraan dan perlindungan bagi keluarga yang rentan terhadap berbagai risiko.
Bagaimana cara mendukung penyandang disabilitas dalam dunia kerja?,"Melalui program pelatihan, pendampingan, dan kebijakan yang mendukung aksesibilitas pekerjaan bagi penyandang disabilitas."
Apa tujuan utama hilirisasi industri nikel?,Meningkatkan nilai tambah nikel melalui pengembangan industri hilir.
Wilayah mana saja yang menjadi fokus hilirisasi industri nikel?,"Jawa Barat, Jawa Tengah, Jawa Timur, Sulawesi Selatan, Sulawesi Tenggara, Sulawesi Tengah, Maluku Utara, dan Kalimantan Selatan."
Apa tujuan hilirisasi industri tembaga?,Memaksimalkan nilai produk tembaga melalui pengembangan industri hilir.
Wilayah mana saja yang menjadi fokus hilirisasi industri tembaga?,"Nusa Tenggara Barat, Papua Tengah, Maluku, Jawa Timur, dan Jawa Barat."
Apa yang dimaksud dengan hilirisasi industri bauksit?,Meningkatkan pengolahan bauksit menjadi produk bernilai tambah tinggi.
Wilayah mana saja yang menjadi fokus hilirisasi industri bauksit?,"Kepulauan Riau, Kalimantan Barat, Sumatra Utara, Jawa Barat, Jawa Timur, Jawa Tengah, Kalimantan Tengah, dan Kalimantan Utara."
Apa tujuan hilirisasi industri sawit?,Mengembangkan industri hilir sawit untuk diversifikasi produk turunan sawit.
Wilayah mana saja yang menjadi fokus hilirisasi industri sawit?,"Sumatra Utara, Riau, Sumatra Selatan, Jambi, Kalimantan Tengah, Kalimantan Timur, Kalimantan Barat, Banten, dan Jawa Timur."
Apa manfaat hilirisasi industri karet?,Meningkatkan nilai tambah produk karet melalui pengembangan industri hilir.
Wilayah mana saja yang menjadi fokus hilirisasi industri karet?,"Sumatra Utara, Sumatra Selatan, Jambi, Jawa Barat, Banten, Jawa Timur, Riau, dan Kalimantan Barat."
Apa yang dimaksud dengan hilirisasi industri kelapa?,Meningkatkan pengolahan kelapa untuk menghasilkan berbagai produk turunan.
Wilayah mana saja yang menjadi fokus hilirisasi industri kelapa?,"Riau, Sumatra Selatan, Sulawesi Utara, Sulawesi Tengah, Jawa Timur, Maluku Utara, Papua Barat Daya, Lampung, Jawa Tengah, dan Jawa Barat."
Apa tujuan hilirisasi industri kakao?,Meningkatkan nilai tambah produk kakao melalui pengembangan industri hilir.
Wilayah mana saja yang menjadi fokus hilirisasi industri kakao?,"Aceh, Lampung, Sulawesi Tengah, Sulawesi Tenggara, Sulawesi Selatan, Sumatra Barat, Bali, dan Papua Barat."
Apa manfaat hilirisasi industri rumput laut?,Mengembangkan industri hilir rumput laut untuk diversifikasi produk.
Wilayah mana saja yang menjadi fokus hilirisasi industri rumput laut?,"Sulawesi Selatan, Nusa Tenggara Timur, Sulawesi Tengah, Kalimantan Utara, Jawa Timur, Maluku, Nusa Tenggara Barat, Jawa Barat, Sulawesi Tenggara, Maluku Utara, dan Kepulauan Riau."
Apa tujuan penguatan industri logam dasar?,Meningkatkan kapasitas dan daya saing industri logam dasar.
Wilayah mana saja yang menjadi fokus penguatan industri logam dasar?,"Banten, Jawa Barat, Jawa Tengah, Jawa Timur, Sumatra Utara, Sulawesi Tenggara, dan Sulawesi Selatan."
Apa yang dimaksud dengan penguatan industri kimia dasar?,Mengembangkan industri kimia dasar untuk mendukung berbagai sektor industri.
Wilayah mana saja yang menjadi fokus penguatan industri kimia dasar?,"Aceh, Sumatra Selatan, Banten, Jawa Barat, Jawa Timur, Kalimantan Timur, dan Papua Barat."
Apa tujuan pengembangan industri alat angkut?,"Meningkatkan kapasitas industri alat angkut, termasuk kendaraan listrik dan kedirgantaraan."
Wilayah mana saja yang menjadi fokus pengembangan industri alat angkut?,"Jawa Barat, Kepulauan Riau, Banten, Jawa Timur, DKI Jakarta, dan Jawa Tengah."
Apa yang dimaksud dengan peningkatan kompleksitas industri elektronik dan digital?,Mengembangkan industri elektronik dan digital untuk meningkatkan daya saing global.
Wilayah mana saja yang menjadi fokus peningkatan kompleksitas industri elektronik dan digital?,"Jawa Barat, Kepulauan Riau, DKI Jakarta, Jawa Tengah, Jawa Timur, dan Kalimantan Timur."
Apa tujuan pengembangan industri kimia hilir dan farmasi?,Mengembangkan industri kimia hilir dan farmasi untuk memenuhi kebutuhan domestik dan ekspor.
Wilayah mana saja yang menjadi fokus pengembangan industri kimia hilir dan farmasi?,"Jawa Timur, Jawa Barat, Kalimantan Timur, DKI Jakarta, dan Sumatra Utara."
Apa yang dimaksud dengan penguatan produktivitas industri makanan dan minuman?,Meningkatkan produktivitas dan daya saing industri makanan dan minuman.
Wilayah mana saja yang menjadi fokus penguatan produktivitas industri makanan dan minuman?,"Industri Besar dan Sedang: Jawa Barat, Jawa Timur, Jawa Tengah, Banten, Bali, Sumatra Utara, Lampung, Sumatra Selatan, DKI Jakarta, Aceh, dan Sumatra Barat. Industri Kecil Menengah: Seluruh provinsi."
"Apa tujuan penguatan produktivitas industri tekstil, produk tekstil, dan alas kaki?","Meningkatkan produktivitas dan daya saing industri tekstil, produk tekstil, dan alas kaki."
"Wilayah mana saja yang menjadi fokus penguatan produktivitas industri tekstil, produk tekstil, dan alas kaki?","Industri Besar dan Sedang: Jawa Barat, Jawa Timur, Jawa Tengah, Banten, Bali, Sumatra Utara, Lampung, Sumatra Selatan, dan DKI Jakarta. Industri Kecil Menengah: Seluruh provinsi."
Apa yang dimaksud dengan penciptaan pusat-pusat pertumbuhan baru?,Mengembangkan pusat-pusat pertumbuhan ekonomi baru di berbagai wilayah.
Wilayah mana saja yang menjadi fokus penciptaan pusat-pusat pertumbuhan baru?,Nasional (kawasan pusat pertumbuhan terpilih).
Apa tujuan penguatan ekosistem rantai pasok di pusat pertumbuhan?,Meningkatkan efisiensi dan daya saing ekosistem rantai pasok.
Wilayah mana saja yang menjadi fokus penguatan ekosistem rantai pasok?,Kawasan pusat pertumbuhan terpilih.
Apa yang dimaksud dengan peningkatan infrastruktur dan layanan konektivitas pendukung kawasan strategis dan pusat pertumbuhan baru?,Meningkatkan infrastruktur dan layanan konektivitas untuk mendukung kawasan strategis dan pusat pertumbuhan baru.
Wilayah mana saja yang menjadi fokus peningkatan infrastruktur dan layanan konektivitas?,Kawasan pusat pertumbuhan terpilih.
Apa tujuan standardisasi infrastruktur dan fasilitas pada pelabuhan dan bandara?,Meningkatkan standar infrastruktur dan fasilitas di pelabuhan dan bandara utama.
Wilayah mana saja yang menjadi fokus standardisasi infrastruktur dan fasilitas?,Wilayah dengan jaringan pelabuhan dan bandara utama terpilih.
Apa yang dimaksud dengan peningkatan konektivitas integrasi hinterland dengan simpul utama?,Meningkatkan konektivitas antara hinterland dan simpul utama logistik.
Wilayah mana saja yang menjadi fokus peningkatan konektivitas integrasi hinterland?,Wilayah dengan jaringan pelabuhan dan bandara utama terpilih.
Apa tujuan penguatan kebijakan logistik nasional?,Meningkatkan efisiensi dan daya saing sektor logistik nasional.
Apa yang dimaksud dengan integrasi dan digitalisasi logistik nasional?,Mengintegrasikan dan mendigitalisasi sistem logistik nasional.
Apa tujuan pengembangan infrastruktur penunjang logistik?,Mengembangkan infrastruktur yang mendukung sektor logistik.
Bagaimana cara penguatan pelaku logistik nasional dilakukan?,Mendukung pengembangan pelaku logistik nasional.
Apa yang dimaksud dengan peningkatan SDM logistik?,Meningkatkan kapasitas sumber daya manusia di sektor logistik.
Apa tujuan peningkatan investasi swasta prioritas sebagai pendorong transformasi ekonomi?,Mendukung investasi swasta dalam sektor-sektor prioritas untuk mendorong transformasi ekonomi.
Bagaimana cara meningkatkan investasi berorientasi ekspor?,Meningkatkan partisipasi dalam rantai produksi global.
Apa yang dimaksud dengan peningkatan investasi dalam infrastruktur konektivitas dan logistik?,Mendukung investasi dalam infrastruktur konektivitas dan logistik.
"Bagaimana cara meningkatkan keterkaitan ekonomi dan rantai nilai domestik, antardaerah, dan global?","Meningkatkan keterkaitan ekonomi dan rantai nilai domestik, antardaerah, dan global."
Apa tujuan peningkatan ekspor produk berteknologi menengah tinggi?,Meningkatkan ekspor produk dengan teknologi menengah hingga tinggi.
Apa tujuan utama pemenuhan layanan dasar dan infrastruktur perdesaan?,Meningkatkan akses dan kualitas layanan dasar serta infrastruktur di daerah perdesaan.
Wilayah mana saja yang menjadi fokus pemenuhan layanan dasar dan infrastruktur perdesaan?,Seluruh desa di Indonesia.
Apa yang dimaksud dengan transformasi dan pemberdayaan ekonomi perdesaan?,Mendorong transformasi ekonomi dan pemberdayaan masyarakat di desa.
Bagaimana cara meningkatkan ketahanan sosial di perdesaan?,Melalui program-program yang mendukung ketahanan sosial dan pelestarian lingkungan hidup di desa.
"Apa tujuan penguatan tata kelola, keuangan, dan pendampingan desa adaptif?",Meningkatkan tata kelola dan keuangan desa serta menyediakan pendampingan yang adaptif.
Wilayah mana saja yang menjadi fokus transformasi pengembangan kawasan transmigrasi?,45 kawasan transmigrasi di Indonesia.
Apa yang dimaksud dengan pembangunan kawasan perbatasan?,Meningkatkan pembangunan di kawasan perbatasan untuk memperkuat kedaulatan dan kesejahteraan.
Wilayah mana saja yang menjadi fokus pembangunan kawasan perbatasan?,Pusat kegiatan strategis nasional dan kecamatan perbatasan prioritas.
Apa tujuan transformasi pembangunan daerah lambat tumbuh?,Mendorong transformasi pembangunan di daerah lambat tumbuh menjadi daerah berkembang dan maju.
Wilayah mana saja yang menjadi fokus transformasi pembangunan daerah lambat tumbuh?,42 kabupaten yang terindikasi daerah lambat tumbuh.
Apa yang dimaksud dengan fasilitasi pembangunan rumah baru layak huni?,Meningkatkan kualitas perumahan bagi masyarakat berpenghasilan rendah di bawah capaian akses rumah layak huni nasional tahun 2023.
Wilayah mana saja yang menjadi fokus pembangunan rumah susun di perkotaan?,Kawasan perkotaan prioritas.
Apa tujuan penanganan permukiman kumuh secara terpadu?,Mengurangi permukiman kumuh dengan pendekatan terpadu.
Wilayah mana saja yang menjadi fokus penanganan permukiman kumuh secara terpadu?,Kawasan permukiman kumuh prioritas.
Apa yang dimaksud dengan fasilitasi kemudahan dan bantuan pembiayaan perumahan?,"Menyediakan kemudahan dan bantuan pembiayaan untuk perumahan, terutama bagi pembelian rumah pertama."
Wilayah mana saja yang menjadi fokus perencanaan kawasan untuk mewujudkan sistem perkotaan nasional?,"10 Wilayah Metropolitan (Medan, Palembang, Jakarta, Bandung, Semarang, Surabaya, Denpasar, Banjarmasin, Manado, dan Makassar)."
Apa tujuan peningkatan layanan perkotaan?,"Meningkatkan layanan perkotaan untuk menjadikannya layak huni, inklusif, dan berbudaya."
Wilayah mana saja yang menjadi fokus peningkatan layanan perkotaan?,10 Wilayah Metropolitan.
Apa yang dimaksud dengan peningkatan pertumbuhan ekonomi dan kualitas ketenagakerjaan?,Mendorong pertumbuhan ekonomi dan kualitas ketenagakerjaan di kota-kota besar.
Wilayah mana saja yang menjadi fokus peningkatan pertumbuhan ekonomi dan kualitas ketenagakerjaan?,10 Wilayah Metropolitan.
Apa tujuan peningkatan kualitas lingkungan dan ketangguhan bencana?,Meningkatkan kualitas lingkungan dan ketangguhan bencana di kota-kota besar.
Wilayah mana saja yang menjadi fokus peningkatan kualitas lingkungan dan ketangguhan bencana?,10 Wilayah Metropolitan.
Apa yang dimaksud dengan peningkatan kapasitas tata kelola perkotaan?,"Meningkatkan kapasitas tata kelola perkotaan untuk mencapai transparansi, akuntabilitas, cerdas, dan terpadu."
Wilayah mana saja yang menjadi fokus peningkatan kapasitas tata kelola perkotaan?,10 Wilayah Metropolitan.
Apa tujuan bantuan sosial yang adaptif melalui Kartu Sejahtera?,"Menyediakan bantuan sosial yang adaptif melalui berbagai program seperti Program Keluarga Harapan, Sembako, Program Indonesia Pintar, dan Kartu Indonesia Sehat."
Wilayah mana saja yang menjadi fokus rehabilitasi sosial dan layanan pengasuhan bagi kelompok rentan?,"Seluruh wilayah Indonesia dengan jumlah penyandang disabilitas, lansia, dan penduduk rentan tertinggi."
Apa yang dimaksud dengan pemberdayaan ekonomi yang inklusif dan berkelanjutan melalui Kartu Usaha?,"Meningkatkan pemberdayaan ekonomi melalui penguatan kapasitas usaha, akses pasar, sertifikasi produk, perizinan usaha, dan akses pembiayaan."
Wilayah mana saja yang menjadi fokus pemberdayaan ekonomi melalui Kartu Usaha?,"Daerah Istimewa Aceh, Jawa Barat, Jawa Tengah, Jawa Timur."
Apa tujuan memastikan lingkungan yang inklusif dan bebas hambatan untuk penyandang disabilitas?,Meningkatkan akses informasi dan kesempatan kerja untuk penyandang disabilitas.
Wilayah mana saja yang menjadi fokus memastikan lingkungan inklusif untuk penyandang disabilitas?,Wilayah-wilayah dengan jumlah penyandang disabilitas tertinggi.
Apa yang dimaksud dengan mendukung basis data terpadu untuk pemberantasan kemiskinan?,Mengembangkan basis data terpadu untuk pemberantasan kemiskinan melalui satu sistem registrasi sosial ekonomi.
Wilayah mana saja yang menjadi fokus pengembangan basis data terpadu untuk pemberantasan kemiskinan?,Seluruh provinsi di Indonesia.
Apa tujuan pengembangan pelayanan kesehatan unggulan berstandar internasional di Ibu Kota Nusantara?,Meningkatkan pelayanan kesehatan berstandar internasional di ibu kota baru.
Wilayah mana saja yang menjadi fokus pengembangan pelayanan kesehatan unggulan berstandar internasional?,Daerah Khusus Ibu Kota Nusantara.
Apa yang dimaksud dengan peningkatan kapasitas lembaga pendidikan eksisting dan pembangunan sarana pendidikan baru?,Mengembangkan kapasitas lembaga pendidikan dan membangun sarana pendidikan baru di ibu kota baru.
Wilayah mana saja yang menjadi fokus peningkatan kapasitas lembaga pendidikan dan pembangunan sarana pendidikan baru?,"Daerah Khusus Ibu Kota Nusantara, Kalimantan Timur."
Apa tujuan pemindahan aparatur sipil negara dan pegawai lembaga negara ke Ibu Kota Nusantara?,Mendukung pemindahan aparatur sipil negara dan pegawai lembaga negara ke ibu kota baru.
Wilayah mana saja yang menjadi fokus pemindahan aparatur sipil negara dan pegawai lembaga negara?,Daerah Khusus Ibu Kota Nusantara.
Apa yang dimaksud dengan pembangunan dan pengembangan lanjutan infrastruktur dasar dan utilitas di Ibu Kota Nusantara?,Meningkatkan infrastruktur dasar dan utilitas di ibu kota baru.
Wilayah mana saja yang menjadi fokus pembangunan dan pengembangan lanjutan infrastruktur dasar dan utilitas?,"Daerah Khusus Ibu Kota Nusantara, Kalimantan Timur."
Apa tujuan pembangunan awal klaster-klaster ekonomi prioritas di Ibu Kota Nusantara?,Mengembangkan klaster ekonomi prioritas seperti ekowisata dan MICE tourism di ibu kota baru.
Wilayah mana saja yang menjadi fokus pembangunan awal klaster-klaster ekonomi prioritas?,"Daerah Khusus Ibu Kota Nusantara, Kalimantan Timur."
Apa yang dimaksud dengan penyediaan infrastruktur dan layanan angkutan umum massal di kawasan perkotaan?,Menyediakan infrastruktur dan layanan angkutan umum massal untuk mendukung mobilitas masyarakat di kawasan perkotaan.
Wilayah mana saja yang menjadi fokus penyediaan infrastruktur dan layanan angkutan umum massal?,Kawasan perkotaan.
Apa tujuan perluasan cakupan Jaminan Sosial Nasional secara inklusif?,Menyediakan jaminan sosial yang inklusif untuk seluruh masyarakat Indonesia.
Wilayah mana saja yang menjadi fokus perluasan cakupan Jaminan Sosial Nasional?,Seluruh provinsi di Indonesia.
Apa yang dimaksud dengan pembangunan rumah susun milik dan sewa?,"Membangun rumah susun milik dan sewa untuk masyarakat berpenghasilan rendah, termasuk generasi milenial dan generasi Z."
Wilayah mana saja yang menjadi fokus pembangunan rumah susun milik dan sewa?,Kawasan perkotaan prioritas.
Apa tujuan peningkatan investasi swasta sebagai pendorong transformasi ekonomi?,Mendukung investasi swasta dalam sektor-sektor prioritas untuk mendorong transformasi ekonomi.
Wilayah mana saja yang menjadi fokus peningkatan investasi swasta?,Seluruh provinsi di Indonesia.
Apa tujuan utama digitalisasi pelayanan publik?,Meningkatkan efisiensi dan aksesibilitas pelayanan publik melalui digitalisasi.
Wilayah mana saja yang menjadi fokus digitalisasi pelayanan publik?,Nasional.
Apa yang dimaksud dengan penerapan total reward untuk aparatur sipil negara?,Meningkatkan motivasi dan kinerja aparatur sipil negara dengan sistem total reward.
Wilayah mana saja yang menjadi fokus penerapan total reward?,Nasional.
Apa tujuan dari pengelolaan dan audit keuangan partai politik?,Memastikan transparansi dan akuntabilitas keuangan partai politik.
Wilayah mana saja yang menjadi fokus pengelolaan dan audit keuangan partai politik?,Nasional.
Apa yang dimaksud dengan penyusunan dasar hukum pembentukan lembaga tunggal pengelola regulasi?,Menyusun dasar hukum untuk pembentukan lembaga tunggal yang mengelola regulasi.
Wilayah mana saja yang menjadi fokus penyusunan dasar hukum pembentukan lembaga tunggal pengelola regulasi?,Nasional.
Apa tujuan sinkronisasi administrasi kependudukan dan statistik hayati dengan sistem registrasi sosial ekonomi?,Mengintegrasikan data kependudukan dan statistik hayati dengan sistem registrasi sosial ekonomi.
Wilayah mana saja yang menjadi fokus sinkronisasi administrasi kependudukan dan statistik hayati?,Nasional.
Apa yang dimaksud dengan peningkatan daya saing BUMN?,Meningkatkan kinerja dan daya saing BUMN untuk mendukung pembangunan nasional.
Wilayah mana saja yang menjadi fokus peningkatan daya saing BUMN?,Nasional.
Apa tujuan peningkatan efisiensi peran BUMN dalam penugasan pemerintah?,Meningkatkan efisiensi BUMN dalam melaksanakan penugasan dari pemerintah.
Wilayah mana saja yang menjadi fokus peningkatan efisiensi peran BUMN?,Nasional.
Apa yang dimaksud dengan ekstensifikasi dan intensifikasi penerimaan perpajakan?,Meningkatkan penerimaan perpajakan melalui perluasan basis pajak dan peningkatan kepatuhan.
Wilayah mana saja yang menjadi fokus ekstensifikasi dan intensifikasi penerimaan perpajakan?,Nasional.
Apa tujuan optimalisasi local taxing power?,Memperkuat kemampuan daerah dalam mengelola dan mengoptimalkan sumber-sumber pajak lokal.
Wilayah mana saja yang menjadi fokus optimalisasi local taxing power?,Seluruh provinsi.
Apa yang dimaksud dengan intensifikasi penerimaan negara bukan pajak?,Meningkatkan penerimaan negara dari sumber-sumber bukan pajak.
Wilayah mana saja yang menjadi fokus intensifikasi penerimaan negara bukan pajak?,Nasional.
Apa tujuan peningkatan efektivitas belanja pemerintah pusat?,Meningkatkan efektivitas dan efisiensi belanja pemerintah pusat untuk mencapai hasil yang optimal.
Wilayah mana saja yang menjadi fokus peningkatan efektivitas belanja pemerintah pusat?,Nasional.
Apa yang dimaksud dengan optimalisasi kualitas belanja transfer ke daerah (TKD)?,Meningkatkan kualitas belanja transfer ke daerah untuk mendukung pembangunan daerah yang lebih efektif.
Wilayah mana saja yang menjadi fokus optimalisasi kualitas belanja TKD?,Seluruh provinsi.
Apa tujuan ekstensifikasi dan intensifikasi sumber-sumber pembiayaan inovatif dan berkelanjutan?,Mencari dan mengoptimalkan sumber-sumber pembiayaan yang inovatif dan berkelanjutan untuk mendukung pembangunan.
Wilayah mana saja yang menjadi fokus ekstensifikasi dan intensifikasi sumber-sumber pembiayaan inovatif?,Nasional.
Apa yang dimaksud dengan pengendalian inflasi pangan bergejolak?,Mengendalikan inflasi pangan untuk menjaga stabilitas harga dan daya beli masyarakat.
Wilayah mana saja yang menjadi fokus pengendalian inflasi pangan bergejolak?,Seluruh provinsi.
Apa tujuan kolaborasi pencegahan penyalahgunaan narkotika?,Meningkatkan kolaborasi antar lembaga untuk mencegah penyalahgunaan narkotika.
Wilayah mana saja yang menjadi fokus kolaborasi pencegahan penyalahgunaan narkotika?,Nasional.
Apa yang dimaksud dengan penutupan akses ke situs perjudian online?,Menutup akses ke situs perjudian online untuk mengurangi praktik perjudian ilegal.
Wilayah mana saja yang menjadi fokus penutupan akses ke situs perjudian online?,Nasional.
"Apa tujuan utama peningkatan literasi keagamaan yang moderat, inklusif, dan bermaslahat?",Meningkatkan literasi keagamaan yang mendukung kerukunan dan toleransi.
Wilayah mana saja yang menjadi fokus peningkatan literasi keagamaan?,Seluruh provinsi.
Apa yang dimaksud dengan peningkatan bimbingan keagamaan dan bimbingan perkawinan?,Meningkatkan layanan bimbingan keagamaan dan perkawinan untuk masyarakat.
Wilayah mana saja yang menjadi fokus peningkatan bimbingan keagamaan dan perkawinan?,Seluruh provinsi.
"Apa tujuan dari pencegahan, advokasi, dan mitigasi konflik?",Mencegah dan menangani konflik sosial melalui advokasi dan mitigasi yang efektif.
"Wilayah mana saja yang menjadi fokus pencegahan, advokasi, dan mitigasi konflik?",Seluruh provinsi.
Apa yang dimaksud dengan peningkatan kerukunan umat beragama?,Meningkatkan kerukunan antarumat beragama untuk menjaga kedamaian sosial.
Wilayah mana saja yang menjadi fokus peningkatan kerukunan umat beragama?,Seluruh provinsi.
Apa tujuan dari peningkatan peran lembaga agama dan keagamaan dalam layanan keagamaan?,Menguatkan peran lembaga agama dalam memberikan layanan keagamaan kepada masyarakat.
Wilayah mana saja yang menjadi fokus peningkatan peran lembaga agama dan keagamaan?,Seluruh provinsi.
"Apa yang dimaksud dengan revitalisasi layanan KUA yang berkualitas, merata, dan inklusif?",Meningkatkan kualitas layanan Kantor Urusan Agama (KUA) di seluruh wilayah.
Wilayah mana saja yang menjadi fokus revitalisasi layanan KUA?,Seluruh provinsi.
Apa tujuan dari transformasi layanan penyelenggaraan ibadah haji?,Meningkatkan layanan penyelenggaraan ibadah haji untuk jemaah haji Indonesia.
Wilayah mana saja yang menjadi fokus transformasi layanan penyelenggaraan ibadah haji?,Seluruh provinsi.
Apa yang dimaksud dengan penjaminan produk halal?,Menjamin kehalalan produk untuk memenuhi kebutuhan masyarakat Muslim.
Wilayah mana saja yang menjadi fokus penjaminan produk halal?,Seluruh provinsi.
Apa tujuan dari pengembangan dana sosial keagamaan untuk mendukung program pembangunan?,Mengoptimalkan penggunaan dana sosial keagamaan untuk mendukung pembangunan.
Wilayah mana saja yang menjadi fokus pengembangan dana sosial keagamaan?,Seluruh provinsi.
Apa yang dimaksud dengan penguatan pendidikan karakter dan pendidikan kewargaan serta pembinaan ideologi Pancasila?,Meningkatkan pendidikan karakter dan kewargaan yang berlandaskan ideologi Pancasila.
Wilayah mana saja yang menjadi fokus penguatan pendidikan karakter dan pendidikan kewargaan?,Seluruh provinsi.
Apa tujuan dari pengelolaan terpadu cagar budaya?,Melakukan pengelolaan terpadu untuk melestarikan cagar budaya.
Wilayah mana saja yang menjadi fokus pengelolaan terpadu cagar budaya?,Seluruh provinsi.
"Apa yang dimaksud dengan pelestarian nilai budaya, tradisi, dan kearifan lokal?","Melestarikan nilai budaya, tradisi, dan kearifan lokal yang ada di masyarakat."
"Wilayah mana saja yang menjadi fokus pelestarian nilai budaya, tradisi, dan kearifan lokal?",Seluruh provinsi.
Apa tujuan dari pengembangan produk dan jasa berbasis seni budaya?,Mengembangkan produk dan jasa yang berbasis seni budaya untuk mendukung ekonomi kreatif.
Wilayah mana saja yang menjadi fokus pengembangan produk dan jasa berbasis seni budaya?,Seluruh provinsi.
Apa yang dimaksud dengan pengelolaan terpadu festival seni budaya daerah berkelas internasional?,Mengelola festival seni budaya daerah agar dapat bersaing di tingkat internasional.
Wilayah mana saja yang menjadi fokus pengelolaan festival seni budaya daerah?,Seluruh provinsi.
Apa tujuan dari pengembangan kawasan pemajuan kebudayaan?,Mengembangkan kawasan yang mendukung pemajuan kebudayaan.
Wilayah mana saja yang menjadi fokus pengembangan kawasan pemajuan kebudayaan?,Seluruh provinsi.
Apa yang dimaksud dengan pelindungan hutan adat dan tanah ulayat serta pemberdayaan masyarakat dan komunitas adat?,Melindungi hutan adat dan tanah ulayat serta memberdayakan masyarakat adat.
Wilayah mana saja yang menjadi fokus pelindungan hutan adat dan tanah ulayat?,Seluruh provinsi.
Apa tujuan dari pengembangan bahasa Indonesia sebagai bahasa internasional?,Meningkatkan penggunaan bahasa Indonesia di kancah internasional.
Wilayah mana saja yang menjadi fokus pengembangan bahasa Indonesia?,Seluruh provinsi.
"Apa yang dimaksud dengan pelestarian bahasa, sastra, dan aksara daerah?","Melestarikan bahasa, sastra, dan aksara daerah yang ada di Indonesia."
"Wilayah mana saja yang menjadi fokus pelestarian bahasa, sastra, dan aksara daerah?",Seluruh provinsi.
Apa tujuan dari transformasi kearsipan untuk mengembangkan memori kolektif bangsa dan tata kelola pemerintahan?,Mengembangkan sistem kearsipan yang mendukung memori kolektif bangsa dan tata kelola pemerintahan.
Wilayah mana saja yang menjadi fokus transformasi kearsipan?,Seluruh provinsi.
Apa yang dimaksud dengan peningkatan peran lembaga dan kapasitas SDM bidang penanggulangan bencana?,Meningkatkan peran lembaga dan kapasitas SDM dalam penanggulangan bencana.
Wilayah mana saja yang menjadi fokus peningkatan peran lembaga dan kapasitas SDM?,Seluruh provinsi.
Apa tujuan dari membangun sistem peringatan dini multi ancaman bahaya dan pusat pengendali operasi penanggulangan bencana terpadu?,Mengembangkan sistem peringatan dini dan pusat pengendali operasi untuk penanggulangan bencana.
Wilayah mana saja yang menjadi fokus pembangunan sistem peringatan dini dan pusat pengendali operasi?,Seluruh provinsi.
Apa yang dimaksud dengan memulihkan pelayanan dasar di daerah terdampak bencana?,Memulihkan pelayanan dasar di daerah yang terdampak bencana.
Wilayah mana saja yang menjadi fokus pemulihan pelayanan dasar di daerah terdampak bencana?,Seluruh provinsi.
Apa tujuan dari meningkatkan layanan literasi dan edukasi kebencanaan berbasis masyarakat?,"Meningkatkan literasi dan edukasi kebencanaan yang berbasis masyarakat, termasuk melalui desa tangguh bencana."
Wilayah mana saja yang menjadi fokus peningkatan layanan literasi dan edukasi kebencanaan?,Seluruh provinsi.
Apa yang dimaksud dengan meningkatkan keandalan dan kebermanfaatan infrastruktur tahan bencana?,Meningkatkan keandalan dan manfaat infrastruktur yang tahan terhadap bencana.
Wilayah mana saja yang menjadi fokus peningkatan keandalan infrastruktur tahan bencana?,Seluruh provinsi.
Apa tujuan dari pembangunan pusat logistik dan peralatan berbasis kewilayahan?,Membangun pusat logistik dan peralatan yang berbasis kewilayahan.
Wilayah mana saja yang menjadi fokus pembangunan pusat logistik dan peralatan?,Seluruh provinsi.
